0.014621516,0.00912963,0.015242305,0.0057875663
0.006913651,0.016349064,0.011684226,0.0079056835
0.013138855,0.020103337,0.01498368,0.004371883
0.02852974,0.008567651,0.01710111,0.015659211
0.0041563055,0.007358544,0.013293688,0.009939587
0.038403116,0.009819648,0.0028896122,0.023519162
0.0021602297,0.0106693115,0.011916294,0.0045380224
0.0059526297,0.005876905,0.0111007355,0.0069620647
0.009185165,0.009402362,0.0058163707,0.0049404823
0.015233998,0.009214584,0.0053631226,0.009247787
0.0065688975,0.009934927,0.01284732,0.00795747
0.010353556,0.023623936,0.018948317,0.008201712
0.038151894,0.027288705,0.011085824,0.021070162
0.010944895,0.005904776,0.00832901,0.010176301
0.007338227,0.013006546,0.010995417,0.009329442
0.0053858827,0.013229596,0.009055062,0.008098742
0.010555634,0.011646037,0.0072518354,0.005622773
0.010549471,0.0005916869,-0.0004757624,0.0109979
0.0057870923,0.007867251,0.00283472,0.009954286
0.009806418,0.008520067,0.008628387,0.0058395667
0.011667078,0.016755598,0.0022278754,0.012618663
0.0057297596,-0.0019240873,0.0035396656,0.0044299583
0.0085044345,0.004055984,0.003926434,0.0044647055
0.008140037,0.0058255866,0.004661996,0.0069289566
0.008412094,0.003916189,0.0022883052,-0.000636057
0.01733584,0.00649059,0.00475748,0.008112248
0.007635406,0.004127687,0.0011055395,0.009458171
0.01309764,0.013503542,0.009594826,0.013120785
0.018494057,0.013801035,0.006263354,0.0029245364
0.019022312,0.0029930477,0.005073402,0.014873514
0.005693794,0.004135601,0.008521856,0.0076157665
0.008889486,0.012490563,0.011583419,0.0064909225
0.0074815513,0.0031898902,0.0039719273,0.006470012
0.010865865,0.00446157,0.004666277,0.0057566655
0.009928543,0.004567826,0.004784676,0.0049714255
0.012425784,0.016764507,0.009247651,0.0050871423
0.00873325,0.007950754,0.005287425,0.007148826
0.01000657,0.038559638,0.029808082,0.009460321
0.0076808454,0.008657352,0.007664712,0.0066236393
0.011558926,0.01664004,0.012972184,0.0011690985
0.0063548293,0.014355926,0.01125877,0.003974978
0.018108748,0.0057755485,-0.0010831496,0.01119713
0.0130191855,0.013229344,0.0031521395,0.0036751423
0.011027677,0.002887731,0.0012612892,0.009859773
0.016128618,0.014050356,0.008103935,0.009453603
0.015382797,0.0109325275,0.004496881,0.010675075
0.008021355,0.0067985216,0.009815071,0.007325148
0.01259767,0.016413884,0.011644502,0.012768241
0.010148443,0.012573566,0.0067862542,0.007325919
0.012989902,0.011472642,0.008652744,0.007344287
0.008440692,0.01155157,0.009268402,0.008053173
0.018159743,0.008177409,0.0027265395,0.0102751795
0.0055086454,0.0032403152,0.008049757,0.0075340644
0.015971735,0.010459808,0.0060680145,0.015953658
0.01446274,0.0142952595,0.0071872342,0.00022041425
0.01281591,0.0077046156,0.006006583,0.005269576
0.017052867,0.009798944,0.0038263435,0.012110514
0.012345251,0.014894557,0.010545392,0.010663138
0.013683477,0.0027884338,0.001257306,0.011229287
0.006510318,-0.0012941547,0.0057907044,0.00034687016
0.01436607,0.005691003,-0.0019382834,-0.003300935
0.0065787327,0.003781706,0.003885368,0.010189971
0.004381676,0.0019372255,0.009372928,0.0077190017
0.020950254,0.006665509,0.013538276,0.009307055
0.018214524,0.008095017,0.0049858796,0.014283517
0.025179394,0.0012109512,0.011260568,0.008990515
0.03236587,0.01526114,0.009447072,0.01846549
0.018451668,0.011000618,0.001559467,0.0032626474
0.010929489,0.0053793266,0.0016726861,0.0005036071
0.012790877,0.022263844,0.010430179,0.0064226673
0.012879165,0.005900542,0.0044707158,0.009373086
0.028355446,0.011136634,0.015030864,0.0045638643
0.011308191,0.014715387,0.00803958,0.0061917873
0.006812344,0.028973587,0.02268192,0.015974764
0.014373021,0.012644419,0.009134518,0.014593845
-0.006084944,0.0026568486,0.008923486,-0.0010684207
0.011657568,0.012097283,0.00795645,0.0063564237
0.027005322,0.0074600615,0.016376905,0.010857278
0.01293093,0.0063192197,0.0035246206,0.0022957176
0.006743447,0.010923961,0.007808353,0.0036003264
0.013441341,0.0085096555,0.004489618,0.008914349
0.0047056796,0.0057066493,0.004508036,0.0053564766
0.04088077,0.010270351,0.015103649,0.017488247
0.020617194,0.003277462,0.0010290304,0.014198088
0.017422969,0.029487737,0.017752562,0.015822956
0.026004385,0.029632578,0.01397315,0.018013315
0.012856377,0.006684398,0.009423275,0.008402688
0.010127068,0.0015572468,0.002693748,0.0056862584
0.01536276,0.017753454,0.015911868,0.003922865
0.0093426835,0.0075911265,0.0023482987,0.0076366323
0.002026814,0.009196683,0.010122202,0.0076386645
0.009909338,0.011424437,0.0065385886,0.0070100217
0.02595755,0.008774856,0.00795925,0.014210433
0.018312842,0.0189203,0.026451398,0.011484987
0.0116818445,0.015250508,0.0076613864,0.0064233346
0.009983973,0.018486897,0.015127176,0.008427996
0.01388306,0.0051800343,0.004838892,0.009884842
0.020529501,0.005567558,0.0023496943,0.01405703
0.014595295,0.011761504,0.011188962,0.013602751
0.009738628,0.002435985,0.006053843,0.012340748
0.014091197,0.021446554,0.011023058,0.004706354
0.009038916,0.007915115,0.004098147,0.006168092
0.011279797,0.008460566,0.0071137864,0.00019785576
0.00982769,0.004066658,0.000475022,0.01285785
0.012916122,0.0070313434,0.009897158,0.009162738
0.024046928,0.01877182,0.010047176,0.018899444
0.01559727,0.025849354,0.006688662,0.004496098
0.023877073,0.014470597,0.0074491184,0.0163051
0.021678414,0.008620815,0.0051998976,0.011521419
0.014798194,0.0086064525,0.008812169,0.011120096
0.0024228732,0.007906065,-0.005436821,0.020672373
0.011931212,0.0061183344,0.004701095,0.009904301
0.026893731,0.012225958,0.010152385,0.009177199
0.022101562,0.01227322,0.0051217913,0.01290629
0.012257907,0.014168305,0.008931662,0.016590692
0.007122138,0.004368582,0.0054194117,0.0060332515
0.021562468,0.010837436,0.0008765524,0.009747213
0.013086576,0.010661375,0.0063290857,0.006983956
0.013314676,0.0114575345,0.004407706,0.000437689
0.009622465,0.0043638553,0.00548933,0.005740775
0.008002922,0.055881146,0.037835237,0.024887186
0.006918778,0.011397167,0.00781858,0.005152438
0.024370432,0.01246822,0.009658577,0.030259926
0.017955868,0.005905383,0.0044896454,0.003444885
0.013551773,0.006274691,0.0058862595,0.0111929
0.00967246,0.013324548,0.0086079305,0.0020863814
0.0050584506,0.009574791,0.0058878097,0.0064141853
0.02066356,0.016936436,0.005852908,0.007534786
0.01723231,0.007264523,0.0019817185,0.009114746
0.002509454,0.0015290556,0.0017474759,0.0046205944
0.0048371204,0.005028526,0.0027990327,0.008680213
0.0200518,0.0068477765,0.0020126859,0.009876451
0.011794696,0.0074115577,0.0049103145,0.0032775905
0.016757118,0.017291047,0.0071187764,0.0053994046
0.015326134,0.006524865,0.0027379487,0.006536433
0.009547863,0.009431732,0.0061681145,0.0063339756
0.012691238,0.005353339,0.0041133175,0.010036956
0.018617105,0.01203957,0.007235567,0.0135032665
0.01505058,0.018372847,0.015677588,0.005056673
0.011703195,0.006508311,0.0046793097,0.0063227857
0.006970892,0.0100528,0.013055323,0.0072197625
0.008637829,0.014054069,0.0048305043,0.011296314
0.008375741,0.00637046,0.00491505,0.0067835925
0.015507622,0.018522544,0.009526476,0.019108698
0.018115932,0.007773062,0.0043623624,0.011331358
0.0055042272,0.004240299,-0.00023327302,0.01195282
0.021611683,0.02014903,0.010088169,0.009802668
0.010803239,0.013816145,0.01045501,0.0074341116
0.026719924,0.027444877,0.012276383,0.012459525
0.012852404,0.015361281,0.0107479775,0.0051512625
0.01771792,0.01210507,0.006829762,0.012087106
0.029532205,0.017908288,0.00851795,0.006047634
0.008803623,0.0027974034,0.0027945423,0.006050412
0.0092531815,0.0065315226,0.0038931533,0.006393432
0.0154384645,0.007016439,0.0048430604,0.0026220502
0.006871005,0.0054643946,0.005884125,0.004973126
0.009052705,0.012110444,0.005133349,0.0052188714
0.07809869,0.0016309517,0.019361325,0.014229401
0.019410606,0.013855194,0.0025156494,0.019199036
0.010731705,0.013062425,0.008171932,0.0058534807
0.018739026,0.012870513,0.008328469,0.012897926
0.01287742,0.0071985163,0.006220697,0.013587999
0.009815854,0.00975398,0.011487671,0.0049063964
0.008908552,0.011393078,0.011646531,0.0044994648
0.01285038,0.0068780463,-6.952137e-05,0.0026611919
0.023898005,0.0210163,0.010544448,0.020130994
0.008854387,0.0040619476,0.0054898825,0.005194463
0.008800655,0.007243732,0.0053729042,0.0064368267
0.013940251,0.0040278886,0.015450929,0.01329827
0.010848399,0.018567085,0.009611255,0.0021918966
0.04647864,0.034734003,-0.00069625955,0.019381275
0.008514151,0.009380957,0.009396117,0.006181509
0.00683057,0.009983219,0.005276927,0.013066384
0.017074924,0.013392879,0.0067085586,0.0073148934
0.014062723,0.012384912,0.009546447,0.0070914137
0.0139209265,0.0069124997,0.0020205835,0.009579585
0.017258674,0.01414682,0.00928332,0.010582513
0.007963227,0.010463233,0.011435924,0.007995579
0.011541738,0.00402116,0.007973187,0.0061241835
0.007647207,0.012055277,0.009260681,0.0047153346
0.013951218,0.021426242,0.015143531,0.0069462974
0.0057725897,0.009085249,0.0060745087,0.00566102
0.011244845,0.008088892,0.0062131444,0.004749149
0.007940129,0.0020112544,0.003911809,0.0045959707
0.017597472,0.02540656,0.015521106,0.00970195
0.026685484,0.007229668,0.020868905,0.010823289
0.00920607,0.012856079,-0.0009781392,0.00480798
0.021465264,0.06018739,0.03865046,0.0068353126
0.006647649,0.007790032,0.0076395394,0.00997002
0.01065631,0.0033239657,0.0045362096,0.013873426
0.02044522,0.011279177,0.007590995,0.010593829
0.011403033,0.01677864,0.009133161,0.0069579547
0.0104243085,0.003399623,0.0025209752,0.004012734
0.0073337154,0.0018593892,0.0041169235,0.004169434
0.019594863,0.0102336705,0.0025931755,0.011737817
0.0036746876,0.0088093635,0.0078631025,0.0024977624
0.012050776,0.01569421,0.006759066,0.009523792
0.007128696,0.013440434,0.008489533,0.015878148
0.011891605,0.030546835,0.023970107,0.00548412
0.014940333,0.0057008564,0.0053355456,0.009716402
0.011988808,0.009979666,0.005072777,0.004338934
0.024848837,0.003954644,-0.0003680773,0.025154263
0.013264647,0.034743287,0.024054138,0.020123124
0.014572056,0.007027244,0.00652852,0.009683114
0.03258327,0.04725371,0.03214242,0.011916304
0.012108694,0.01710509,0.009972979,0.0009002164
0.008232031,0.0042716432,0.0049108616,0.0034849998
0.031997632,0.03065819,0.0028676516,0.011245752
0.005278734,0.003762709,0.008561414,0.0080329515
0.013186268,0.011637066,0.0063536707,0.00936382
0.0075386595,0.009507997,0.0054430114,0.011446282
0.07305062,-0.00045310613,0.015476624,0.02877288
0.010032081,0.010616138,0.007566248,0.005561709
0.021232728,0.009384307,0.0039948453,0.009884991
0.008408899,0.017125089,0.019757167,0.0053822948
0.009196652,0.023024477,0.02059508,0.009779492
0.008970724,0.009360722,0.0068132626,0.012504356
0.013331129,0.014939938,0.010606622,0.016507538
0.010716962,0.007787514,0.0008798763,-0.005281319
0.017004848,0.009730011,0.0039922977,0.011656894
0.0035053557,-0.00022750907,-0.00060389936,0.015007481
0.015185906,0.008339182,0.0063101174,0.0121793095
0.0077627683,0.016525827,0.011098043,0.010652191
0.022941448,0.011805788,0.0048562074,0.011223778
0.0071974145,0.01313428,0.018836662,0.01260294
0.013774759,-0.0019161738,0.0072084647,0.013703878
0.009575105,0.0037173908,0.009268002,0.011830385
0.010212444,0.008854738,0.00807933,0.002994096
0.0041133193,0.0029314146,-0.00101595,0.021204691
0.012748353,0.0068281945,0.00054434594,0.014024423
0.015229019,0.012687203,0.010471767,0.013924448
0.012722963,0.0036806837,0.0009610662,0.003511439
0.015857331,0.00545621,0.007855467,0.0069996133
0.0011609355,0.025246102,0.022964507,-0.00012337696
0.011502979,0.004604094,0.0042359023,0.004380924
0.012673133,-0.0006739218,0.003510302,0.01208549
0.015329153,0.008574665,0.005777777,0.01237003
0.032071814,0.02991572,0.030993357,0.02791002
0.012210047,0.011449579,0.0073058093,0.007567194
0.0013821549,-0.000586479,-0.0033730827,0.022064101
0.015725024,0.020600397,0.0149877975,0.011164618
0.032485627,0.016500842,0.0065674763,0.019716393
0.010227518,0.0047062687,0.0052710036,0.006986887
0.017087761,-0.00065396447,-0.0014614621,0.014029632
0.0073373877,0.0025655236,0.0045622597,0.0047940146
-0.012933961,0.03120072,0.024662696,0.005078808
0.012970019,0.0052261995,0.003233802,0.021561308
0.013111103,0.009253147,0.0055581913,0.007830828
0.010405343,0.0082605425,0.0068848943,0.009016281
0.04807311,0.056439284,0.029797416,0.04068022
0.01427402,0.007843702,0.005995116,0.007708101
0.044169765,0.010274093,0.010308677,0.018177683
0.0153401205,0.011071257,0.003256903,0.0066868635
0.011995006,0.009597148,0.00842303,0.006448004
0.019215755,0.013290413,0.0017258087,0.010382035
0.009828501,0.012570657,0.0064415196,0.0049667126
0.008985408,0.013079145,0.009443882,0.010346356
0.033770327,0.040034994,0.0032046856,0.014767329
0.012327765,0.02061368,0.013133739,0.009618146
0.0070463684,0.009011438,0.009497348,0.008408776
0.0134632,0.005341485,0.002455921,0.006198493
0.010307817,0.02923765,0.011908062,0.0021139598
0.01249243,0.008348964,0.0037001306,0.005034009
0.018488348,0.019277915,0.0004066378,0.002472883
0.0045196987,0.009636964,0.006584027,0.007867843
0.011405869,0.003873777,0.0027624941,0.0058307545
0.012996388,0.014513696,0.006036042,0.008412292
0.007640591,0.007804849,0.007922458,0.007380096
0.016592158,0.0048726727,0.003101739,0.011140533
0.0076934625,0.0039095767,-0.003213616,0.010153281
0.010656541,0.00723268,0.0047919136,0.0051629874
0.009862812,0.015074136,0.011421102,0.0058840346
0.018938525,0.009085375,0.017780706,0.0063771997
0.014528827,0.006554626,0.0043095583,0.011373895
0.011510591,0.0053364323,0.0053156884,0.008324124
0.011577123,0.005768628,0.0013526874,0.0026085144
0.016890094,0.007070929,0.005747023,0.01331807
0.011365186,0.012896337,0.0052079232,0.0045813764
-0.0070791077,0.020610332,0.014044408,0.0021693436
0.0019224887,0.009222466,0.014948491,0.0021719337
0.009046268,0.007053664,0.0049565816,0.0009304676
0.01863776,0.0223464,0.012570698,0.0171504
0.013728728,0.0019112164,0.0021044859,0.008175369
0.00488216,0.016982647,0.013492923,0.0041158437
0.015230948,0.007856756,-0.0014617415,0.013311125
0.012854915,0.0058400873,0.00669281,0.009908548
0.0087123,0.0026927516,-0.00017025974,0.004116201
0.0068010883,0.0073133213,0.0009795101,0.008819368
0.005948246,0.011460378,0.009960524,0.0044725686
0.012807371,0.016238216,0.0095665185,0.003667769
0.013784583,0.01660349,0.010893806,0.011791167
0.0059112925,0.009217742,0.006971279,0.0058819363
0.018222012,0.01254195,0.008071651,0.014505154
0.008767005,0.0071251956,0.0073276004,0.0071950103
0.026434317,0.021580387,0.009059848,0.021390501
0.016510494,0.020166162,0.016492568,0.0149558205
0.01444812,0.008741318,0.0035933717,0.0036325501
0.009001433,0.00617506,0.004869775,0.003339015
0.020745164,0.013338817,0.012287907,0.022330437
0.014172463,0.006277493,0.007000421,0.010861139
0.013538056,0.018701248,0.01772188,0.004430242
0.012375634,0.0104836775,0.0055062394,-0.00082686637
0.01726551,0.005098338,0.006449515,0.008230146
0.030286156,0.020301893,0.018988114,0.029091075
0.05752656,0.036063842,0.04346371,0.039501805
0.008537742,0.0062817377,0.0050960104,0.0063237823
0.015600303,0.016756468,0.007864951,0.009014066
0.0067038005,0.008246098,0.009299051,0.012240389
0.008593358,0.008381823,0.008365107,0.005833918
0.008311217,0.010968633,0.0013811374,0.009752866
0.011374282,0.004743191,0.003990589,0.0076314285
0.00927716,0.0018226504,0.0025974717,0.0090897605
0.020001862,0.012381926,0.008016197,0.012964442
0.025232974,0.0152800195,0.014992676,0.012721461
0.018453274,0.0100515485,0.005956634,0.008803053
0.013045647,0.004346609,0.0024448717,0.006266051
0.015872102,0.005688131,0.0032395157,0.007490989
0.009986902,0.007593875,0.0075900797,0.0053856424
0.018396758,0.026802324,0.010188789,0.0037959581
0.023721375,0.010084964,-0.0030057123,0.008286833
0.012964972,0.0059955493,0.0036657536,0.0063616494
0.0151708545,0.0120272115,0.0050896415,0.009705111
0.01443094,0.0073849075,0.004501925,0.008457902
0.02509791,0.012182946,0.0037982385,0.012603356
0.019242637,0.008205287,0.0035972977,0.011568942
0.008347033,0.002979002,0.0030356417,0.004015285
0.016325302,0.009764833,0.0077921012,0.010963486
0.014531048,0.012054861,0.004982756,0.0036420906
0.010598995,0.0047285543,0.005188587,0.005338212
0.028869752,0.013406528,0.007604056,0.0150752105
0.008757398,0.0003521666,-0.00041468348,0.0064595975
0.016362112,0.0011023283,0.0011473978,0.011745839
0.0064913724,0.011347195,-0.0002559973,0.0112779355
0.004870535,0.016368084,0.0026630894,0.01589739
0.007964352,0.013219279,0.010600539,0.004013173
0.007595731,0.0061840103,0.0041465964,0.0058699143
0.015190497,0.0070117936,0.00344449,0.008049092
0.0069442242,0.010090439,0.006402727,0.0049033216
0.013293538,0.021296568,0.015949344,0.00930397
0.012362213,0.009179611,0.006787692,0.010239244
0.0219187,0.018189736,0.0028362283,0.011350869
0.022309188,0.015520837,0.0067433054,0.012096432
0.009875881,0.010696306,0.006512598,0.0065250495
0.019130662,0.0014365204,0.006477059,0.014035739
0.01523564,0.012585409,0.009719202,0.016451973
0.015848413,0.012758961,0.01921561,0.020071257
0.0067027556,0.011877593,0.0104678655,0.007780976
0.008760499,0.005362082,0.0035674418,0.0055564153
0.011186111,0.014119793,0.007913276,0.0060235457
0.018463789,0.013709702,0.005093853,0.006373053
0.01886262,0.008524049,0.011766957,0.011722653
0.0067506675,0.0029654698,0.0037145223,0.0051158546
0.01804959,0.02254785,0.012168032,0.021373723
0.013102669,0.01817041,0.02106934,0.009406666
0.0039433353,0.010030081,0.0057913163,0.006217774
0.0063360184,0.0007941872,0.0008608261,0.007739518
0.017147463,0.013220634,0.009652753,0.013481846
0.008183904,0.01146358,0.0066200015,0.0047499742
0.014284413,0.007667835,0.004398961,0.0032097157
0.0044769817,0.005923657,-0.0010180837,0.017367488
-0.0012910226,-0.0009963633,0.0030496889,0.0027539544
0.010223391,0.030843867,0.0369401,0.015099024
0.004303849,0.0066913785,0.013937607,0.008784966
0.0083117485,0.0116932625,0.0048380047,0.009591272
0.0023357952,0.011298478,0.010843989,0.006703352
0.019740868,0.015384667,0.007794303,0.011263334
0.02714885,0.014143825,0.004306916,0.018331198
0.013618358,0.009535942,0.0076201344,0.010927829
0.008229186,0.00073545333,0.0018739942,0.0028159674
0.009596171,0.011240224,0.0064474074,0.005699863
0.010439588,0.005025635,0.003958166,0.002957006
0.011592892,0.007877402,0.0046241293,0.005599229
0.008246791,0.005766801,0.004192091,0.006826585
0.0308013,0.011336285,0.020569656,0.010600264
0.00956373,0.007088433,0.004390041,0.00454727
0.0072318995,0.006675421,0.0039541395,0.0058264723
0.025248814,0.022925101,0.0052100406,0.014050009
0.012105102,0.007823229,0.005285647,0.0070444657
0.008575807,0.0048314705,0.005137657,0.00783998
0.010400669,0.0028563584,0.008637294,0.011224967
0.011959998,0.0068872236,0.0013890192,0.0033516465
0.0016621386,0.008150849,0.008186037,0.0019223178
0.015440612,0.008939877,0.00692892,0.009750114
0.012804666,0.018719368,0.009638072,0.005691535
0.027484998,0.007114713,0.010936642,0.004406451
0.013190024,0.0028433432,0.0027764388,0.019394226
0.008653006,0.006993478,0.0052297744,0.004830449
0.015790053,0.0039924732,0.00434981,0.008972996
0.012969085,0.02098041,0.012199742,0.013419871
0.011139617,0.0038168058,0.0022010664,0.0034397552
0.021402575,0.019123092,0.011248657,0.017343182
0.009672755,0.0112988725,0.0059846817,0.0051569394
0.009479087,0.014940647,0.010641398,-0.00065960456
0.004824824,0.003915189,0.010321699,0.007895911
0.05465458,0.041715715,0.004138992,0.021415008
0.014901371,0.007937349,0.002725453,0.0089148525
0.011587837,0.0040021315,8.100364e-05,0.007649525
0.013111354,0.0059421957,0.0010688463,0.0022706436
0.004250101,0.013616205,0.008810964,0.008514341
0.016523264,0.018726198,0.010400985,0.0114726955
0.010931881,0.0034423056,0.0073705064,0.014785547
0.011383375,0.010504484,0.008332522,0.004628161
0.014187838,0.008791439,0.004310631,0.008779151
0.0108728055,0.005284615,0.003493851,0.005448595
0.006123861,0.00949005,0.009508174,0.0065865847
0.011189826,0.0063308845,0.00781905,0.006637161
0.011318732,0.011515187,0.014526285,0.010089651
0.013743401,0.018434126,0.010619449,0.010240999
0.008931413,0.015604891,0.0076977955,0.008549544
0.011772405,0.016313849,0.012092212,0.02100021
0.006934387,0.021620195,0.012310976,0.0114841275
0.021609131,0.012001829,0.0020642737,0.0058310665
0.012007665,0.0136017,0.0041068047,0.003911793
0.007772713,0.014145091,0.00867927,0.0054913457
0.011818045,0.0029824749,0.0026371563,0.0074640354
0.013547295,0.0040064678,-0.001256316,0.008295461
0.010900327,0.0046692155,0.00047193002,0.0051978976
0.017955102,0.02015666,0.0027034688,0.026881246
0.0043707485,0.00285675,0.0064022224,0.004991025
0.011412513,0.013632018,0.010423892,0.0011280654
0.0077272877,0.018335989,0.015382025,0.008102995
0.01968026,0.016176453,0.014042228,0.022852995
0.009902129,0.014275855,0.017540663,0.007320299
0.007558123,0.003287844,0.0040553506,0.0063613495
0.0185299,0.0040390864,-0.007620572,0.0044002896
0.007393024,0.01035933,0.009785348,0.005671873
0.015146346,0.0086798,0.005970427,0.012315584
0.010135707,0.009625538,0.007205394,0.006147747
0.010509627,0.017618194,0.010984299,0.0014824076
0.010747416,0.0059203035,0.0058257016,0.0060832673
0.0148748765,0.006517425,0.004053221,0.011045386
0.018950723,0.02554515,0.017014934,0.015454837
0.008164337,0.010495546,0.006958467,0.012404505
0.015143033,0.0074960976,0.0002928488,0.01069374
0.007509452,0.009278639,0.0037990715,0.0019119
0.009860573,0.014323119,0.010328691,0.006320212
0.014403101,0.023023242,0.011344923,0.0051790336
0.009824116,0.0009678062,0.0011878554,0.0038139597
0.011382159,0.006856553,0.0065992037,0.003335408
0.024011917,0.005366929,-0.005491643,0.0053142896
0.0070513804,0.005169268,0.0055937967,0.0048936307
0.013592614,0.0031564576,-0.002798588,-0.00301388
0.006048399,0.017481815,0.010541215,0.009878836
0.009872485,0.011488479,0.0044813664,0.0069911717
0.00897851,-0.00035230815,0.0069155227,0.00849581
0.010717814,0.0052139834,0.0036631757,0.0046217423
0.019580755,0.014250673,0.0044814954,0.012014396
0.015408446,0.016228896,0.013834377,0.015259496
0.008497396,0.0101010185,0.0063380944,0.004928321
0.010982638,0.0075735142,0.006181433,0.00856582
0.016146947,0.01879821,0.014577273,0.0035817288
0.006957927,0.009291528,0.011427428,0.0051992014
0.009917061,0.027242612,0.018945176,0.003950351
0.023159098,0.015443088,0.010476094,0.019234683
0.005549514,0.017310726,0.008531128,0.008684728
0.0049365247,0.0058322297,0.007628246,0.009456012
0.009140171,0.004521332,-0.0006854916,0.011824539
0.009405179,0.0022970634,0.0019351272,0.003755209
0.015860511,0.018318065,0.010635423,0.01578013
0.0001463308,0.02895586,0.03024469,0.0040457286
0.0261634,0.009035766,0.0057126484,0.014962653
0.060914133,0.013922565,0.031709887,0.03248744
0.009857638,0.013670495,0.007636655,0.0061641964
0.015240243,0.0006485181,-0.0008919779,0.010746021
0.016025715,0.00859756,0.002107189,0.004410554
0.019194486,0.0074064573,0.0031230017,0.009609157
0.008943263,0.004135806,0.0059115877,0.006541594
0.009769653,0.00291913,0.0037903888,0.0051771817
0.006823985,0.011561053,0.008034077,0.005235378
0.016744174,0.022039782,0.0036313063,0.004554973
0.006455188,0.009076871,0.0078717,0.008926719
0.0075768703,0.0070396974,0.0053048413,0.0055476353
0.01049022,0.0040527615,0.0020191912,0.0010454739
0.023740094,0.035567574,0.023097614,0.019587748
0.010555768,0.008262509,0.0069726673,0.0057667447
0.015980922,0.0071440376,0.0044605522,0.0068643168
0.012137418,0.00058642495,0.0067958036,0.009655478
0.020648606,0.01175905,0.0023914734,0.012870337
0.0667639,0.028618746,0.043530963,0.029232644
0.007646692,0.0054819062,0.005356253,0.010855152
0.010970577,0.009360015,0.00577619,0.001291763
0.013720801,0.012745114,0.0057964213,0.013416284
0.0068951845,0.007816568,0.007792139,0.005004923
0.012716465,0.0036931476,0.0026744842,0.01065561
0.00929803,0.010418288,0.008258073,0.0062833885
0.036751777,0.028790042,0.017899964,0.020962752
0.012481053,0.008736249,0.0073889447,0.011023708
0.024105992,0.012645589,0.006617667,0.016375395
-0.010265185,0.04203025,0.027894635,0.011008972
0.0059303315,0.006878666,0.006754856,0.009049904
0.010256348,0.003635333,0.00570253,0.0076692346
0.017703924,0.017074702,0.0065594446,-0.00024558697
0.0038697706,0.0060176663,0.016720917,0.007368763
0.013170515,0.0138807,0.008977823,0.004944611
0.01697775,0.0066454,0.0071114553,0.014382381
-0.01677316,0.002679924,0.007083553,0.008307677
0.028234642,0.01488327,-0.00091985986,0.012939177
0.011917743,0.008042965,0.006650937,0.010482372
0.008303978,0.004896421,0.0028291275,-0.0009955326
0.012171544,0.008958161,0.0034768772,0.011327485
0.015264431,0.018473113,0.008112488,0.0034578377
0.012773637,0.0026577055,0.001962739,0.006536716
0.0050552366,0.011132019,0.006450914,0.0069852774
-0.004313655,0.0074669733,0.026522126,0.012352537
0.0111205075,0.01988319,0.01607519,0.009611098
0.012070932,0.00719292,0.00343143,0.007292297
0.0073415944,0.001414001,0.0026607262,0.0067213075
0.009536207,0.02762515,0.0187468,0.017565444
0.01247784,0.022445641,0.010460015,0.011168581
0.009473195,0.009622785,0.009115641,0.0067764977
0.014474806,0.0056118825,0.00227689,0.006340624
0.015707806,0.014327548,0.020086654,0.0069494313
0.046757735,0.030132925,0.0021179407,0.030796565
0.013154886,0.020192819,0.012151336,-0.004327408
0.013845147,0.018032987,0.014582455,0.012107575
0.018991333,0.007478889,0.007771804,0.009295814
0.008307402,0.014280277,0.008855701,0.0007432485
0.010861939,0.005182215,0.006322651,0.0064795264
0.011574572,0.012979684,0.008250023,0.021178078
0.005921379,0.016576644,0.015738618,0.00789892
0.015827272,0.010183625,0.007051938,0.012934636
0.008209156,0.009848833,0.0044327015,0.007991065
0.010325769,0.012162302,0.0069891354,0.006578468
0.0142600825,0.0062831994,0.0038311752,0.008074539
0.013827289,0.013276868,0.009152571,0.0072181374
0.011867987,0.014816953,0.009927236,0.011293635
0.014131563,0.0046669347,0.004078711,0.007083876
0.015069183,0.0060195113,0.002375693,0.009570676
0.018634368,0.014371641,0.005623699,0.011986154
0.021560527,0.014392955,0.013525091,0.004235901
0.0012393505,0.014079802,0.016043613,0.0057138465
0.0100905625,0.0075462945,0.004812517,0.004018967
0.016716741,0.01956866,0.012334167,0.0071469266
0.010934688,0.0029641883,0.001983419,0.0033932347
0.005514879,0.007970465,0.010593156,0.007324854
0.016029567,0.0071545676,-0.00015853718,0.003075541
0.012098655,0.013826709,0.006688008,0.0075226394
0.024470296,0.020160565,0.009969813,0.01796693
0.014468262,0.01115183,0.00846254,0.009613697
0.018734865,0.00573642,0.003347097,0.014418815
0.01190758,0.014505527,0.009331115,0.007958688
0.016417138,0.008724108,0.004346081,0.012298058
0.021284733,0.021410331,0.012097356,0.010799749
0.0155826,0.0059095398,0.0013469318,0.006871636
0.011543325,0.004989147,0.002591387,0.0018816963
0.012087371,0.012905085,0.006082184,0.008520964
0.008853347,0.013996163,0.010330014,0.006620355
0.0061290665,0.0050693545,0.0051130457,0.007463754
0.015537934,0.0092427395,0.0025789272,0.002423617
0.005740795,0.020570356,0.020667806,0.009387866
0.01380168,0.0060887784,0.004840308,0.0061480915
0.01468283,0.00940574,0.0041158656,0.0086905835
0.018475873,0.008828495,0.0029501403,0.0077358484
0.007626539,0.004652191,0.0046231863,0.0069506527
0.003836574,0.0029894128,0.0029996573,0.008548274
0.014484496,0.016318392,0.009298892,0.008237285
0.013288757,0.009938834,0.011918466,0.0003292123
0.010926107,0.013198753,0.00763897,0.0059353355
0.0084083,0.017607668,0.019592483,0.010493122
0.0073610526,0.026355365,0.015153996,0.004491082
0.012106984,0.004675653,0.0038885744,0.0099081155
0.025963612,0.012833188,0.019336361,0.011640666
0.020225331,0.009863415,0.0044732816,0.012816256
0.013475634,0.004943693,0.0017982386,0.0074056108
0.015820274,0.0035218755,0.0060053086,0.009584781
0.010431025,0.0085749775,0.0050216317,0.0072859162
0.011096271,0.0119174905,0.009827614,0.0093087405
0.0029444394,0.015562506,0.010542875,0.0059337975
0.010875443,0.030056084,0.03587562,0.01857224
0.016684465,0.008304924,0.0040052803,0.008378324
0.013997891,0.0008146111,0.0021927813,0.009051954
0.0105469255,0.008533689,0.0037871469,0.0041873152
0.0140569685,0.004377433,0.005137204,0.009105034
0.007801907,0.010455669,0.0068720537,0.0049886666
0.013369813,0.006429363,0.0031895684,0.0029237168
0.01209014,0.018657766,0.008846746,0.007367826
0.012532752,0.00049803033,0.001214887,0.008074992
0.013052562,0.011143652,0.0064216233,0.008006501
0.0017900192,0.01880802,0.015328826,0.00824577
0.016658224,-0.007279223,-0.0063747047,0.009551527
0.010330687,0.012827029,0.0069844476,0.0070831426
0.008577922,0.0058193537,0.0069138855,0.0029488085
0.011709061,0.0062903836,0.003362053,0.0044836225
0.013669335,0.0074545257,0.005816075,0.008769942
0.011376488,0.0056252605,0.006215681,0.007163878
0.006835212,0.008051866,0.0006428724,0.011180084
0.0065389783,0.0036076237,0.0032996004,0.00589134
0.009037396,0.008282591,0.00491188,0.00795478
0.023586493,0.017492639,0.009166885,0.015896652
0.010056088,0.009451914,0.0019421186,0.011522805
0.004139195,0.0039512534,0.004117765,0.003328479
0.007986772,0.0050749383,0.004503459,0.006715574
0.006919507,0.0068367105,0.006511585,0.0051495805
0.021121342,0.027439151,0.025548846,0.009224862
0.016462125,0.021191034,0.016730316,0.016956126
0.017124534,-0.0034791753,0.0025055758,0.004816391
0.008512931,0.01773939,0.010157486,0.007276264
0.027118046,0.014755089,0.0032834723,0.018606763
0.009883775,0.011659797,0.013462559,0.010869084
0.012779454,0.023453234,0.01062926,0.0068255905
0.0054341,0.031254277,0.018896857,0.014213244
0.02267377,0.010180789,0.005509991,0.01639454
0.0075363712,0.0043554055,0.0041602603,0.0067967274
0.015240173,0.024302762,0.008419034,-0.00076711085
0.005194732,0.0073693693,0.01095998,0.0041370746
0.007504153,0.01418376,0.010345184,0.006302643
0.010825717,-0.0007143393,-0.0016044816,0.0024109548
0.0143452445,0.027692728,0.012033523,0.020004012
0.014206693,0.0024932455,0.005491595,0.008521041
0.013781693,0.0048507075,0.0024638912,0.006301447
0.009370912,0.005050206,0.0062219696,0.005655989
0.015583563,0.009915032,0.0053903474,0.007120515
0.016318422,0.007743642,0.005706087,0.012376908
0.012360327,0.009432317,0.002673931,0.004690253
0.0093234675,0.006232243,0.0070505505,0.007995539
0.016259342,0.011585161,0.003466376,0.0079275165
0.011534279,0.031585485,0.018790184,0.012148226
0.006112764,0.008652822,0.0051788907,0.0060573695
0.015268578,0.018951535,0.0037709307,0.0037411451
0.0003611166,0.018143836,0.012241563,0.006003445
0.008459835,0.013466124,0.0075118924,0.0050603743
0.009871641,0.0108742695,0.013196338,0.0102595305
0.012708175,0.008154519,0.0063208053,0.010827368
0.015576973,0.0096247215,0.007259019,0.011206649
0.008109827,0.0082658995,0.0064167776,0.005316492
0.011641112,0.0036827112,0.0068811146,0.0021983907
0.009197685,0.014391118,0.01357672,0.0027707526
0.009262443,0.013374483,0.008167722,0.0092029255
0.01126462,0.0036995653,0.003275562,0.004633077
0.010449566,0.005229819,0.0064181387,0.0042007375
0.017410249,0.0025617387,0.0017654644,0.01518684
0.011186742,0.01557252,0.007891938,0.007150628
0.03340209,0.007896092,0.012269731,0.007330381
0.02819534,0.010872353,0.012574569,0.017394956
0.011194119,0.0119248405,0.007455812,0.0036947383
0.0077700783,0.005506187,0.0039193067,0.004425337
0.016021175,0.012967084,0.0026201978,0.0011131326
0.015509156,0.02738927,0.012824984,0.014915649
0.011246929,0.00117632,0.0014635036,0.0128883915
0.008083464,0.018368073,0.010562734,0.0017415499
0.008730618,0.012870562,0.007987668,0.0024070274
0.009886591,0.003079081,0.005348377,0.00407809
0.00867182,0.015466887,0.010300872,0.0049025426
0.021468721,0.01090727,0.00092531834,0.013275056
0.007219812,0.011246052,0.0075771734,0.0042420942
0.01868897,0.030455941,0.024036977,0.013510763
0.010978372,0.008443631,0.0015490511,0.015851613
0.007981189,0.007515962,0.006109664,0.0076422784
0.025027577,0.020944249,0.004476495,0.018460337
0.019974865,0.013096985,0.0027449941,0.010520042
0.008270473,0.009308727,0.0019118581,0.009319341
0.011810459,0.004583694,0.004979652,0.0016914187
0.014509023,0.024012573,0.011301809,0.01767271
0.009478631,0.01047284,0.005027077,0.0042946553
0.013046894,0.0014062887,0.00016027037,0.0057516284
0.015995588,0.0054154587,0.0051209666,0.008430639
0.009552142,0.004710427,0.003619609,0.008483824
0.014451594,0.010289536,0.007024538,0.0075270967
0.014181729,0.0016178638,0.0012587551,0.012711685
0.025231604,0.026509834,0.017506557,0.0071328375
0.018657219,0.025006376,0.0030487361,0.007262117
0.012996536,0.018966815,0.009846939,0.0054211817
0.011303602,0.01884257,0.004235252,0.0030132355
0.0022185864,0.01333154,0.011970476,0.0059970245
0.010013538,0.013959827,0.010664319,-0.0020204773
0.018521322,0.011658462,0.001758622,0.009870829
0.023064893,0.022407085,0.017526334,0.015527455
0.014548292,0.004758217,0.003976084,0.009819089
0.003323614,0.007793833,0.00076035503,0.0029613888
0.015518659,0.011548221,0.0018539438,0.008850501
0.01253792,0.018776141,0.010262371,0.006111092
0.008513126,0.008096559,0.0028451392,0.0071848696
0.011634556,0.008324262,0.0043215,0.010346701
0.009672949,0.005921132,0.0026603919,0.002648781
0.015228995,0.007552691,0.0024455944,0.007490971
-0.0057542287,0.03130319,0.03487566,-0.004350408
0.014190669,0.006450814,0.006112437,0.010257587
0.015384483,0.0036148098,0.0006804243,0.015843734
0.012284675,0.0042724162,0.0005504796,0.0011330917
0.009846864,0.012239541,0.0095008435,0.005979537
0.014228739,0.009337977,0.0035299635,0.0024318146
0.015981538,0.0092559755,0.012249842,0.002354025
0.010023877,0.017188916,0.009392127,0.008860797
0.005578231,0.009929043,0.009299672,0.008651489
0.007892789,0.0069801183,0.005708888,0.00762458
0.010836915,0.00466951,0.0046600485,0.007965309
0.011393018,0.01635469,0.008108724,0.0072606564
0.015088324,0.00533686,0.0044232793,0.015201952
0.017146133,0.011426694,0.0040679034,0.0039862683
0.015013144,0.01961065,0.008220205,0.0078085703
0.0093534505,0.005799055,0.004060426,0.0023274738
0.0078985095,0.0066748606,0.0047552492,0.019363498
0.012176947,0.009732004,0.011889763,0.013552114
0.016315129,0.010741195,0.006161914,0.00722723
0.021813147,0.005955112,0.015307503,0.0070801782
0.008300627,0.0037613758,0.005118485,0.008312133
0.0122970175,0.016384354,0.009345341,0.008160344
0.009416027,0.015636412,0.009837106,0.0035054348
0.02593971,0.06673446,0.04258505,0.008184052
0.010383033,0.0053357966,0.0054905834,0.008106448
0.013814376,0.004951954,0.003284105,0.009912425
0.011961476,0.016317658,0.010061492,0.012668507
0.0145209255,0.0013012514,0.0011769626,0.00960978
0.012929835,0.005456634,-0.000978156,-0.0014819847
0.015398223,0.011947943,0.007795277,0.013018231
0.0057520787,0.0057199732,0.0076774703,0.005637684
0.008153588,0.0053365063,0.004609731,0.0045627267
0.009349692,0.011844585,0.0067431666,0.005151733
0.01404725,0.006631553,0.005045545,0.008030319
0.006002682,0.0056194235,0.0070489687,0.0060583986
0.005672675,0.009896499,0.009929601,0.004206094
0.013498239,0.00058112293,0.0031901915,0.009139525
0.014504084,0.015089459,0.012136115,0.01520267
0.002324977,0.01076746,0.010920494,0.005897787
0.015205658,0.014352569,0.011096902,0.009653368
0.011767842,0.011874244,0.0041601225,0.0042028464
0.010143916,0.014832735,0.008658142,0.007952686
0.0009990744,0.007426982,0.0070250602,0.004620211
0.01052676,0.009495687,0.009428473,0.011652113
0.008254345,0.015679166,0.016120603,0.007464408
0.01959484,0.010484703,0.0022441605,0.011927613
0.046816353,0.022425715,0.014467673,0.025312684
0.014435852,-0.0010790946,-0.00049672835,0.011414668
0.0207501,0.0063877557,0.0028565056,0.011417585
0.010856284,0.01423676,0.009940243,0.008462291
0.015851822,0.0044581615,0.007879453,0.009439628
0.010099225,0.015093917,0.011702336,0.0036802348
0.0048145414,0.007106783,0.006723064,0.0048679076
0.010236841,0.008517049,0.0048445864,0.005437053
0.009969223,0.0101136435,0.0066249287,0.0058470895
0.022419438,0.011821333,0.00730724,0.015376022
0.0047399495,0.000600243,0.0070928643,0.0066012926
0.02267839,0.031254783,0.02615755,0.013382359
0.010047375,0.006959803,0.0042623426,0.005491641
0.015703853,0.006929936,0.00231309,0.0071702423
0.011400559,0.0040814206,0.0053864727,0.008303351
0.01076057,0.009560575,0.009006981,0.0071065435
0.010353991,0.011743724,0.002224953,0.01388322
0.008800007,0.005954003,0.0015211934,0.0077908514
0.004973895,0.008316295,0.0040282253,0.0064621633
0.01278263,0.0136841545,0.0040060114,0.004087848
0.00748258,0.007033971,0.005716426,0.0060537406
0.011788526,0.008876297,0.0030545467,0.004040163
0.011383738,0.006040048,0.0062613534,0.0059091114
0.019275429,0.011544169,0.0033577257,0.008059954
0.016479425,0.012027761,0.02096022,0.011686549
0.020712174,0.0052529653,0.011122598,0.010427565
0.0076756477,0.003976416,0.0041751973,0.006612769
0.013983976,0.01954468,0.013284273,0.002958537
0.012568395,0.014933726,0.0071542286,0.0055331658
0.032169472,0.02116431,0.009368624,0.0129790325
0.009784643,0.0073162657,0.004091807,0.0050228946
0.014564343,0.005638331,0.00033067353,0.007600321
0.0072297845,0.015682928,0.007601341,0.007550265
0.0065181106,0.021264952,0.016445732,0.013116851
0.011651331,0.005633414,-0.00039224233,-0.003129323
0.014253248,0.0029604025,0.0015710006,0.007570498
0.005451346,0.005733285,0.0037281,0.0009927126
0.011513963,0.015552886,0.007704299,0.0054828986
0.013797239,0.01279043,-0.0002109725,0.012851568
0.010126341,0.008925227,0.0018244553,0.003704708
0.0092862025,0.009385223,0.007666321,0.0039190883
0.0130492,0.03840266,0.029406477,0.010453261
0.004960702,-0.00016002357,0.0036923075,0.0031950027
0.0021492117,0.0029591909,0.011656903,0.011452092
0.008532047,0.004556415,0.0049827415,0.00360337
0.011420066,0.016302316,0.012723752,0.006709438
0.018154275,0.008321162,0.0063055465,0.020009533
0.0418571,0.028249582,0.015235991,0.011339296
0.014326085,0.006998606,0.0055965865,0.008384543
0.02519083,0.026984137,0.020918623,0.025880607
0.013467129,0.0048671947,0.00065766275,0.0014518164
0.0039753187,0.008685415,0.004397394,0.0029619457
0.0064285444,0.001959052,0.0053203525,0.0036771484
0.012771249,0.016700162,0.010214552,0.0022560162
0.007941328,0.009122365,0.0035480396,0.011791688
0.010818876,0.003926068,0.003477966,0.008206552
0.017122976,0.035307012,0.020186177,0.020311553
0.006896708,0.00995948,0.010301118,0.004485683
0.027034473,0.030816054,0.005953759,-0.0063903416
0.016719935,0.006790461,0.006282499,0.012727354
0.010954874,0.0054478412,0.007318373,0.0058487426
0.009352559,0.0039911177,0.0044461484,0.005516596
0.012731732,0.0065030316,0.0101284785,0.01484165
0.016206978,0.0055297394,0.0050008097,0.0071186777
0.13378991,-0.0001845276,0.016145024,0.038588
0.010024374,0.014510954,0.01108426,0.0005913181
0.004265026,0.026899325,0.020287951,0.006290298
0.009256952,0.000115931034,-0.0002255505,0.0069089783
0.012415199,0.020907346,0.0047240057,0.0016114023
0.023170065,0.0034402777,0.010042072,0.018487006
0.020304652,0.024170786,0.019319365,0.003916355
0.011795422,0.0078095878,0.0059450865,0.005628698
0.016270995,0.011608608,0.008187384,0.013306948
0.01348503,0.005672322,0.008140106,0.007409826
0.015061417,0.008557656,0.0035596443,0.005002827
0.008546747,0.003770988,0.004570198,0.0043698177
0.017237276,0.0006215237,0.0006167963,0.012892167
0.018664397,0.015210867,0.009380327,0.013005889
0.013981059,0.014998037,0.0075970115,0.007879826
