-0.15070185449806897,0.9949882506594981,0.9586742832561765,1.2458303892686635
0.7371877861873601,0.9411466462744502,1.1422240140772075,1.66673245084104
-0.7045931904951301,-0.666263490303334,0.922349273380291,1.2413677240714296
-1.0446793695244387,0.40438701281605427,-0.29232500480650275,-0.7803854308963466
0.47841286398429184,-2.261072337818157,-1.0982366268439177,-0.09433325443472729
-1.9510043615480899,-1.2563696767875137,2.2288765033040066,-0.41352236033847756
0.8027155960521999,-0.4339186748367416,-0.7909096778878948,-0.7489498254435756
0.3176935614154085,-0.9748798401120635,-1.1639119242945448,1.1220566674834729
-0.354946509808457,0.14819371731284492,-0.7914997578181028,0.4937227285207469
0.46467565032364827,-0.4140044089218537,0.04387773143412591,-1.8678104455042976
0.1818470861875201,-1.6073334914789563,-1.703007823933585,0.4294627616347798
-0.7812234350453608,-2.817789658412921,-2.0059173476120886,0.9719405707711769
3.0253273018760463,-0.16297205608436557,1.926446617373147,-2.745930369513386
-1.1503359999862521,0.30296829141827486,-0.2619043969004838,-0.24842726132344953
0.34606049250833804,-0.636044674030243,-0.2534406245709372,-1.0700804784487032
0.1861366870540235,-1.001415220916039,0.692745225748251,0.45009424987363245
-0.8411925907432585,-0.2202302985809367,-1.8393641013867386,-0.20144888208648018
-0.0746598174969675,-0.8957838423535636,0.03202547632900537,-1.2462981889137348
0.4572238616392787,-0.39858304253840154,-0.18899701396542215,0.7212300252431717
0.21954548968897233,-0.6436290179736411,-0.21858509250892402,-0.42797691080047906
-0.9874427232926258,0.7113266905785347,0.05097282181719195,0.14308416209498862
-1.4696645064471392,0.09856893485278807,-0.35450605887278613,-0.27666116289421766
-0.7884447127429353,0.22275726199597665,-0.20994772940422385,0.3429933035795097
-0.160087984442438,-0.5591434353760257,-0.5883342317476747,-0.02019137333009406
1.0539424693211765,1.6409022973166838,-1.6695325722372272,-0.6182376344071387
1.6441510094892566,-0.1607152859242614,-0.7576625736417666,0.34331108208368993
-1.0694206779880815,0.21036015855220822,1.938496454250224,0.5359432789023889
0.4330033863410984,0.513515591160536,-1.5909990938892395,-0.11906338871655515
-1.3343737964709117,-1.7660244175552298,0.376029066449081,-0.7658160907811089
-1.5776174486764114,-0.9837361408904645,0.13318940822192474,0.045119030922552594
0.49314325736273856,-0.929785593204329,-1.429531921415406,0.0710032362153749
-0.3494836780778354,-0.575862376022832,-1.3837655948308294,-1.3969860261248292
-0.3660043079593442,-0.015502501776986977,-0.3727176318495806,-0.0811371098067577
0.7491419849374158,0.7214993004001867,0.6429627164424656,-0.676417048735647
0.07259575705736886,0.5687076210190324,0.6415998501046439,-0.04138313980001842
-1.544768001507043,-0.5339115136253836,-0.7337425563182131,1.0747286097606739
-0.3129675407607713,-0.6560358375403235,-1.229916017658439,-0.6578444359321846
0.9817301318069056,-1.746280976474335,-0.21651918357723954,0.1657876709249602
0.41039104069325316,-0.6128703048261801,-0.2177527088875286,-0.0022029387589237595
0.2781742055717028,-0.5193470695344206,1.0675156181416396,1.5644308292334044
1.2746432124805662,-1.1830324416328661,0.41442018736652436,-0.5172849491355543
-0.10046292229066928,1.267523102812664,0.04245352759041259,-2.212751325092841
-1.5577705091227236,0.4133213661598902,-0.6840709632262301,1.1705279501958434
-0.08712861268946424,1.3487295268912192,-1.5553767141236803,0.2488961767598959
0.6020108214416593,-1.1733750072792364,-1.1375896204734997,-0.9387816630591928
-0.3957381863736443,1.1088578498822224,-0.21675621390436162,-0.6934348064976749
0.4360451392493598,-0.3188556455747224,-0.8856619943853978,-0.6370976437397599
1.6965362037031277,-0.6338751372136007,0.8155381972858645,1.3627797897503213
-1.3639179861407464,-0.7847699697588997,-0.6662605000361731,-0.8736503824691372
1.5112326078907417,0.13369232669619502,-0.7082010698483975,-0.7905389695310421
-0.1453002554845011,-1.5969769582540267,-1.2249455414182067,-0.08412258592866712
0.3991884853952952,-1.2915207635902444,0.3796037748852937,-1.4329821148439892
0.476069331020097,-0.8733075891719769,-0.9903732017423085,0.3548750980790933
-0.33822638935261257,-1.240405358832592,1.5217263793625053,-1.6388231119970564
0.022587609718573088,-1.8350445436934364,0.036452578590795176,1.5268096855209663
0.2575964796611684,0.25611016243546436,-0.9271360355743224,0.268840801708657
-0.2808863395480711,0.973281111284991,0.3110075730244837,-0.8719621090177523
0.45250426124246584,-2.1588534824140098,1.9132048346006383,0.21240486970514721
0.5157787784836927,1.3332929320400968,0.616708899322703,0.6947417699028273
0.12898257882165096,-0.7020742872355302,-0.4907305332151666,-0.9766782908354682
-0.431711647837513,2.4051990341221208,1.3405249633736058,-0.43355193436957357
0.053936718328217635,0.9074332937858438,1.3901942747956646,1.1403018260863822
0.8175703461344244,-0.8167792289956212,-1.9764145457365403,-0.13407033390000542
0.14105530009385953,0.841875405107612,-1.3338756611968254,0.06954168061673396
0.627365397525479,0.2510151115746752,2.534280712549285,-0.683572760069964
0.7784795638012559,0.45719570658081904,-1.762776443497243,1.0410908188862116
-2.117981896499524,-1.1753464406333431,2.163918598156108,-0.15077201866760076
-1.0123148220050127,1.4588812847086237,1.3145406140971305,-0.6289792639948244
0.060981358463553445,1.5742003721359237,-0.01085855781139196,-0.3234196123230681
-1.8710598355399275,-0.6220531077363803,-1.2331181950772596,1.4669143699756104
-0.43905387908601884,-0.41630984246288816,0.872176922021879,-0.4698556069997326
1.6241338513393144,-0.2374281977797664,-0.1583196028542246,2.2727160218529137
-1.3807105315838246,-0.6357803154642284,-1.0096379199323255,-0.07868802357967199
0.5453775615249356,-1.609869094811988,0.3549966925256469,0.5148691848987745
-0.03958856639096373,0.33271934167027223,-1.1520465371617694,1.1460719230049177
-0.20103081803956244,-0.5547827171500168,-0.8767262843523262,-1.7254281588992217
1.2772227350452448,0.20361004452623102,0.23026256803719664,1.1721631760182607
-0.4979403640544441,1.7415931526635366,-1.4405249346491245,-0.15526467024221463
0.2928675708186128,1.1347419760931976,1.2276951754031715,0.9097097535877052
0.0029028072764841753,0.22640900940628592,0.7879237780463435,1.248701497866494
1.5270259441959468,-0.210101121725179,0.8181877435251523,0.8891064236836959
-0.27398475329510535,-0.1113569960835212,0.7412736130039963,0.33051187027547013
-0.20936580363491358,0.6044378746831058,-0.09021934930069658,2.414161722956048
-0.7061331453780815,0.7466462763805483,-0.840290357632634,-1.0681913130669582
1.671023941732993,-2.038271982415849,0.48911218954260594,-1.4452746660088798
-0.5300612256787901,1.1750361081496499,-2.8158463412161616,-0.5148244671579529
-0.057511882008105635,-0.004860241031200247,-0.20762599997605927,0.0941666569285092
-0.4585497977185427,0.04973105649637876,0.3404914633052376,-0.6521970382250585
1.6167205805521554,-2.133955522252384,0.10554780330711794,-0.817601285691038
-0.2081580398517757,0.8967544044161383,0.3349260306340081,0.5909060792988737
-0.8673683000622681,0.09410204857266032,0.956988882018232,0.9288547281445175
-0.3997181448940806,-0.9275455338489706,-1.5622670405106829,-0.48931573159195924
-1.157632040399987,-0.09184925597410187,0.8154909315774892,-1.8767482620203817
-0.6781872112478777,-0.31695549098696424,-1.212268600151484,-1.5084462276885748
1.2117148340433095,-1.0883354150782998,0.5453410657222606,0.2223736638799463
1.9350203691144736,-0.6708124498432745,-1.3761663627897955,-1.445389589801016
0.731121401263203,0.42328435808610815,1.3784589401554295,-0.37098854655917696
-0.27692640589681716,0.8981645874535713,-1.333297395223784,-0.9269056191058825
-1.0921530418306569,0.45805762883468426,-0.5828977834624598,-0.3163131080939248
0.9324320982506753,0.6770767472434659,2.0826136783473292,-0.0878869899129895
-1.4054366835412428,-0.8336443509247158,-1.9126207090703389,1.0773104823116708
0.23488185335471304,-0.5901327487421562,-0.5131717426213158,-0.4992873678687954
0.3712998273666782,0.8998004860262813,1.0624903685729268,1.012504692249341
1.249165524703161,-0.1923657224827959,-0.27941760441022645,0.10357091267293767
-0.044584642678679884,0.20621322693525448,-0.3940010078966281,-0.061052276760539016
1.1095044441942497,-0.28148452107683114,-0.1843665251776467,-1.7549504508027005
-0.4322233814939043,0.37508325501723283,-2.32903139483653,1.3696961540424177
0.1593356718172004,-1.5254171977853621,0.1522166720173287,-0.5841679359007779
-1.6934891545137842,-1.288857133025628,0.33522013414072527,-0.2675433649601841
1.6422213256727554,1.7596297601074775,-0.23884022760160353,-0.28796107469763466
2.1114586917490126,-0.26143834441436653,0.28502038628689647,0.2767550850209216
-0.30783097953962973,0.035331375800823746,1.3957095017724277,-0.8003084971490758
2.357101399207135,0.053399769888535044,-1.657879976360322,1.3304782338935783
0.9135663697515516,-1.5558365842039878,0.16956577346637428,-1.7219244955712816
0.4057603099989866,-0.05943553555054783,-1.3543688306114197,1.616816957561333
-1.2840947908026301,-0.1382761644348168,-0.329056702458687,0.24964808773954272
-1.6138431929132402,-0.4379352932456325,0.870280928539526,-0.21112083033814463
0.10362334268201748,-0.5941799554437428,0.7913895349046582,-0.5416987706407663
-1.287359381955059,1.6950613542983266,1.4080511252242116,0.33724305419090683
0.14986588650040142,0.8089796866529891,0.6504345565854537,0.3328378724012777
-2.182934552299031,0.09106533750175057,0.86097160144999,-0.6763882940591868
-2.0272264304889953,-0.21087102732981985,-1.8424447631903216,0.3128646273263762
0.640553646258221,-0.5459538951203046,-0.4435750667074212,2.1336310998559846
0.26770609918978056,0.12595744897215108,-0.6822418579139069,0.39626462869321777
0.48982552838776217,0.5950936098677982,-1.360155447916046,-0.558318032321404
-0.01095465622821409,-0.9056700289356454,1.3897417253742086,0.7088953814750133
0.0498831973962652,0.43796366862256875,0.5902105940059553,1.0396496787990326
0.7783129435201189,-1.1528166818431156,1.671621310354197,-0.725048546390323
-1.317263644239144,-0.26068784209243195,1.0119066369006533,-0.06744942174760865
-0.29652513289754723,-0.20031861451893693,0.28045773924434153,-0.09028378871092417
0.5122103303114075,-1.5325777401207035,1.1118151775916918,-0.3053810193462906
1.7539880223685056,0.7355278864384999,0.18956614919004952,-1.8439494764917714
0.4762998771897017,1.6815819485984687,0.7043605898072247,-0.3426867161686936
-0.7292883403346769,-1.8638867502807417,-0.8777227693533982,-2.414048029357045
-0.05584808523948683,-0.21169188809035397,1.2110037898196007,-0.21203538200432537
-0.8820037079876715,-0.2344328704684421,-1.34813232815403,-0.6261365383670652
0.251263979985197,0.46338248855931674,0.2027065904986169,-1.1791240048075995
-1.2800493308417822,0.44588585628450406,1.5328610341329765,-0.6851638793617646
0.3056343896590414,-1.239582602747834,2.4662942218602573,2.0485734284374892
-0.5152787844281194,0.3481942952094174,1.0905454395842322,-0.18240149144658982
0.08527423003065507,-1.3845800522555878,-1.5099957788448803,1.023687288943038
-0.6056591914052857,-0.4265600507586536,1.4584225447904542,0.9817703345153873
-0.41567029266411853,-0.32819643171041896,-1.047237703324664,-0.5550351328626282
2.220399699248585,-1.4552642460950624,-0.10261294075665599,1.4551000214089933
0.710520342006022,0.22968663567669234,1.7220252824355777,-0.6531876836410946
0.7145606322584591,-0.16695542614491474,-0.7842250169851023,0.5877251327547591
1.91166005337888,-0.45355188108931266,0.5293930921525841,-1.5379754437460043
0.8583390833096984,0.3967463140377327,-0.1002229842931101,1.2383929596847196
2.0623012687238815,-1.2348359787958443,1.7952131202000177,-1.5954829277577969
-0.46026686909258374,0.2404547201436141,1.3127397368130522,1.8668388910937677
0.617832852415163,-0.531011708223157,-0.15586507280910655,-2.0640486458408374
-0.39778366441148416,-0.15521870781540356,0.6357030683871007,1.2019160415163237
-0.11691880524660729,0.3747160086754261,0.6496543243343821,0.4539722295327764
-0.36577064060952946,-0.5156189741231073,-0.6535453319422518,-0.7109625835049761
-0.7839713121805821,-1.869475977312076,-0.47881468299730995,-1.0822424615850623
-1.3066243139678553,-0.0639095179089721,0.014962502331239707,0.6666277929965799
0.7971681039437994,-1.0181122784884447,0.5328719624284362,0.004760754558001489
-0.8713044372011187,-0.6126951362720885,-1.4294548939868557,-2.5654008160026294
-1.3491828705915703,1.64090603763617,0.6580426250060373,1.0042871937091697
-0.5278094426818553,-0.8648673677695403,-0.9990081353781365,1.0456628294216561
1.0652633588725497,0.1836526895756518,-0.24543305807008117,-0.5780863685390547
0.12547479494746702,-1.6705634223194024,1.0915531217386742,-0.8461450285349277
1.14253340890486,-0.406477182040981,-0.5723775588800498,-0.4639728996183818
1.3290863127572587,-0.19259272005308214,-0.8834439643171356,-0.4353740498431956
-2.3441665034638617,0.6487206725132642,-1.3902610306249659,0.2457427711463806
0.6728833208689415,-2.667066914715205,0.9381857085819562,-2.388491394521635
0.5128841600948765,0.7248108825227919,-0.2598273144029281,0.07153034789589373
-0.9273540771171512,-0.2039833750931279,-0.26389576272797055,-0.06285617159462459
-0.8527330094376754,0.5620913159291574,-0.16099353186588158,1.7927121306529452
-0.9929820183683342,-0.8819022734931783,0.38204842481469964,1.3470290140086354
-0.16529617298384877,-1.0263734879681201,0.23426511238469788,2.4950529445100607
-0.13668435086221098,-0.8299296765667487,-0.9994268485667475,1.2218847324309012
-0.03930166905708645,0.6920480716922104,-0.5265187254074064,0.023983828575229182
-0.5494477134255296,1.1858532710269154,1.566979436831062,-0.5511487776765205
0.4884944734206787,2.392425961463332,0.786629891584731,0.42350274268259624
-0.6734395123802603,1.035992050499032,0.009873063004542092,-1.2253417430151976
1.4091307017865617,0.013860073250113493,-0.2960325630919685,-0.7660833764386153
1.7641391382097253,0.09330362871608587,0.7686869084751194,-0.22861632367667042
0.362189706749194,0.13086391309693818,-0.22095386491664132,1.0856489535584002
0.5204522831266886,0.03823273874364043,0.6701266498682771,1.4187033001608031
-0.5033209063110219,-0.974131675558421,0.8380246576776093,0.8268404663835245
0.24409001355824897,0.15955693093892057,0.9464820687123483,0.9407825518750768
1.1338838945134175,-0.2521953459983037,0.757692636114364,-0.03948653866930944
0.312378314325127,0.4008025988642741,-0.70343895709057,-1.806743848203607
2.05818815099975,-0.9679789978882586,1.0215265981296964,-1.1646794634394404
0.36942881232159,0.42045557783168935,-0.9001884660400787,1.8450318351672164
0.6873625137760047,1.8802421048798463,-0.6745395125679555,0.7431884105700529
1.5297738540144366,-1.990307436627995,-0.6338033465605175,1.2823970018069986
-0.9007799745554048,-0.5951473639969855,0.09288639854896207,0.4281193763652442
1.0189098974648083,1.0813229620833733,0.43233122957739456,0.8195046096126841
-0.8262104500322061,1.7125285326618334,-0.014843339905976347,0.6510667463906541
-0.5685907909130326,-1.417161219981937,-1.9978774321688486,-0.19043634776653892
0.1270499502945961,0.8153905717489159,1.457272604172618,0.9748051345304115
-0.012272944270630226,0.13387565715508204,-0.49244878534429054,-1.9217190120642134
-0.21594638324400278,1.0950311047952772,0.6409203403034092,-1.1646402205706636
-1.4331791177462017,0.013290338387261217,0.3433003094999782,1.1282797081576157
1.5090021702496286,-1.1445167863148389,-0.11938806369347188,0.39023460044844
1.8156776599255042,0.2835933208695171,-1.0713405866916184,-0.13285039516490046
-1.3550778267207366,1.7140181203479445,-0.8832943548254566,1.639208376894035
0.9597064977304147,0.6251621850145923,0.8130595865709511,-0.5835385591071374
-0.6815177676262918,-0.6153902626969341,-0.10816883673379764,0.9321962414544521
-0.7047347737715648,-1.5643926294828778,1.2992684814657718,-0.3977318408611886
0.7476907730550395,-2.0349200801878333,0.12457008972752057,-0.14397226606402297
0.9589717407524754,1.081802401444484,0.95660551967071,-0.5881411828546553
-1.0800346145885895,-1.955339239470757,1.8323568290407282,2.098551980968142
0.6655057893621914,-0.9134306267793808,0.36745816247322116,0.6039348313852541
-0.07586146581628592,0.6677864329488676,0.3911467068453895,0.2837296789107771
-0.05519074837342141,-1.4625609523713472,-0.1562982530115675,2.731181106170521
0.4525223685714468,-1.134329349933937,-0.8037043870408178,0.29829400062572137
0.4360855127082518,-0.18127727634400193,1.624061017306191,-1.443434079125501
-0.32187998021064423,0.637808863066469,0.09652172507332915,0.14843208058570673
-1.2934870515666046,0.12744887006647265,-0.512014024440712,-1.3583774609652388
-0.27808288548004023,-0.529152431860661,-1.4231557418492728,0.8513957146149987
0.9336863839603565,0.25131790716637764,0.9143342837252442,-0.9460080446931194
-0.495673584079516,-1.0350142300582166,-0.32402082870418497,-1.820388415138524
-1.4688249204329296,-0.3928165776445475,-2.196891985329972,-1.7339367129297711
-0.44243123184105665,0.5927532399702791,0.34452026561054394,0.3300159516296802
1.7468101276135846,-1.1867174116874983,1.9055775116794236,1.2026496120810268
-0.6675036583957675,2.668555684845955,0.3371206690967364,0.3406866794017616
-0.14078377532493455,0.9711100661559133,0.36577045748807474,-0.7859526906997171
0.1633434380372911,-1.6879058508491565,-0.4871590361463803,-2.4135380813587175
0.1489490567860825,0.6387195801707505,-0.7512544824299195,-0.30944480305137084
-1.30538546505811,-1.299792255489361,-0.27877193117711657,0.6271767939127695
0.9909084140195417,-0.06919784808088691,0.7098277192366753,-0.6806072423085648
-1.1405203577753102,-0.026390293360881684,-0.2871215436557214,-0.7185735493373079
1.2193114477480864,0.5929531855040834,0.25382365904809895,0.3959592455207769
-1.5120762524148668,0.6561184439086986,1.2733404819314693,0.5643267135794898
-0.9709393333653693,-1.6757729656562619,0.12216253711579994,-0.5109804163320315
1.8302412935538512,0.3214849600334466,0.5059417058573021,0.448181573729718
1.3698086744740596,-0.6972769950825677,-0.5240092308175485,0.4358430695785427
-0.9982864919027769,-0.18305089677115718,1.9488756037366635,-0.7378112964820583
1.0438376207124886,1.33877981350451,-0.44163081649326136,-1.197503042065252
0.5334881377915317,-0.09856696308564802,-0.2152575235746695,1.3437790260034947
-1.6116869689713427,1.405999960556647,-0.5001151732160164,0.749004587965138
-0.011655561542355489,0.5090589741131716,0.6706248373023587,0.3840759225848129
0.903209053652304,0.8957847124241105,-0.300567133324411,0.31866361778871344
0.48101594737659753,0.31216666940714355,-0.01339779786845158,-1.0307560353885852
-0.1176710377054622,-2.2305368948950726,1.7197490197371543,0.4960191406667332
1.517321003324828,0.45199656742404837,-1.1928732790642642,0.6524629841069189
-1.0146660871346411,1.8236671557217357,-0.4700528120934775,0.47507192415258215
0.9981163056879181,-2.305854627592709,1.0721704162360752,0.15975039030363178
1.4901835922252211,0.6789854395711589,1.7169074268736135,-2.252018730757195
-0.9663456327154226,-0.7285158718908905,-0.1267517162898959,-0.5600314174028528
-0.03316540921050077,-0.23059473958080626,1.1046043057004902,-2.0870183529089488
-0.4023818692068033,0.17131019191561075,-0.5208914652428783,-0.05696582712796497
0.34085777549781854,-2.9825963533944004,-0.7213978864630284,-1.0069097912795102
2.0035200082106326,1.6843060473761695,-0.14562943007695167,1.0430382531639493
1.4332785054974888,0.4539197461059317,-1.684827699199922,0.6500817235722265
-1.0624659876293572,-0.12603612410362758,0.5297405288462808,0.3111823214535233
-2.8192798894550353,2.1211183192151437,-2.1905114653376017,-0.4094670478980572
0.2895481273567921,-0.3112920036174688,-0.07765353644041328,0.8858816408356897
0.21737315921211092,-1.7356983823672494,0.40280573873841596,1.0722033846821042
-0.340483319383092,1.8049807543785399,-0.8666413910062093,-0.38547527103882023
0.9442993708977894,1.885696139311695,-0.009768276663227665,-0.03806788437002559
-1.4114357551866095,1.405857927462739,0.004567762605021774,-1.0621362998357726
-0.7567237428387233,0.06587657679636925,-0.4059336537299983,1.0996068780230437
-1.5786163502006878,-0.9161598853418227,-0.36347603660686206,-0.08057072787988624
-1.270208431928717,-0.4243239433786796,0.6557445051019996,2.535727190459737
1.403903844981003,0.7073110211220756,-0.13004069637799112,1.3016666049787535
0.24153056460014177,-1.498244344433086,-1.9484653866212043,-0.678367901980547
0.41021985291969004,0.9924383504219012,0.42124272904854054,-0.8542918658392191
1.8057816654911618,-1.5463103987764242,-0.05073718452238829,0.09770581989500239
-0.049602295525739006,1.4303046488617752,-0.5445159078471274,-0.31147227487463996
-1.454298268536664,0.9284312526005473,-2.086980283625082,1.0396601938313799
0.12753836448053668,0.5352297952131911,0.8782758746593563,0.9575821225040481
0.15730891115925671,-0.10549629566800943,1.4911025317299584,0.1412315932467211
0.5624886822162741,2.1240643610321257,-1.0838531880498976,0.9389364880017278
0.014872235374952771,-1.1111777575925719,-0.7679402511523254,0.44356606790981756
-0.35177005963200253,-0.5506421404465205,0.7423801141025339,-0.9380783201035773
-0.2958050554202826,1.758292460904602,2.1147031829543694,1.4736240783104408
1.157992064475876,-0.206825226163235,0.9961612478474131,0.12358164855401393
1.5682298075253653,-0.45560106171712844,0.634527891821146,-0.28170995355847844
0.06257605516309273,1.4458430555894262,0.03407936796509595,1.6256310337359343
0.41480525091999126,0.5103273855669519,0.2690840881935732,-1.138068697741667
-0.1959895803141488,0.29144197574949693,0.17797452702951355,0.5157131882287646
0.11695745075501834,-0.5920211311000069,1.7054561620539614,0.34066560571919985
0.1015448670402385,0.5461206535098686,-0.8523308459521746,-0.3417321253359993
-0.44825171129961583,0.27633053676041214,-0.8257012405997357,0.8689220964600739
0.5064094890837526,-1.1533135634335214,-0.001053502237655726,1.0162844993872449
-0.10516464089549571,-0.2700431588676335,-1.4833449085166206,-1.7246327282647862
-0.1910541706792172,1.4805625538127043,0.5280295929639831,0.26618214800683837
1.2117970626465928,-2.076604637993759,0.2041756099106105,-1.443582007330587
-0.46061919114050437,-0.1492667534808977,0.4780685082610788,-0.6264965020558891
-0.018981171743336463,-0.2636563958101943,-2.1653059478680414,1.2056207379554742
-0.3676592717848256,0.8178690448295259,-0.498092446727389,0.7336093686363323
-0.2854408640880558,0.0659151976129044,-0.09963609665020962,-0.585310865339546
-1.5541095984737967,0.9312283298103176,0.2277900217442703,-1.502641663878153
0.8839772709174726,0.9189879962294591,-1.8855190493506835,0.018288199179043833
0.04569048376564427,-0.24249057842085756,-1.3680183815645484,1.0514451270568357
0.6927246331338499,-1.3116075312211797,1.1972619381436589,0.5619390533158447
1.6090781010369428,1.3108435838924704,-1.0312505587903473,1.877568871488333
0.35475132743648474,0.4609738387349649,0.5117462114828336,0.9665996347888385
0.7731475910999841,-0.07338726764836251,-0.6475737839380498,-1.196958384619674
-0.9856078206304222,-0.40430061342644474,-0.20452227491644617,-0.7787183146677472
0.05475365225724873,-2.3581538573821086,0.16716965573413536,-1.0599039938642734
-1.0732780062560447,-1.3169039634219188,1.5680208691246116,0.3996226418796717
-0.4511122711633569,1.12644078553805,1.0886819389575861,-0.4197946133239601
-0.005866272136781846,0.9923045653128625,-0.09470275616401815,0.014837221198221012
-1.2230189591654579,0.49088860151020647,0.2160522881022869,-0.28686498806214716
0.4229077650451503,0.365805947315777,-1.2013205022261382,-0.49862156834286897
-0.3514608034271236,-2.223430028163575,0.4417717623833871,1.3822718965554814
0.17707621095744147,1.6025421969025986,-0.41833870402360973,0.41184525217319495
-1.5956194555667793,0.3890452254977341,0.48815974337046714,0.1742982534588214
-1.5233718348063605,1.941324135994152,0.7570495927372186,2.739641853760896
-2.367604019303785,-0.21538125863950883,-0.5498840575538905,-2.1262825888109718
-0.38102072669369846,-0.14898443087428562,-1.2881415029611485,-0.4066043995462357
-1.0495920783992139,-2.2161171279867093,-1.1098494086699846,-0.35861767163716973
-1.1296948429100666,-1.001968445878687,0.25737093237993275,0.39824483820675927
0.007611430213649418,-0.5323630996028929,-1.615853313458138,0.7446316568116896
-0.7507560355167919,1.5073391481107379,0.1802594631632735,0.12899534591941864
-0.6273906330336888,-0.11477444123995796,1.2420268081255847,0.015491492092159255
0.9166956981989791,0.05372005474782695,0.306997129768085,0.3590234154175099
1.281386403282294,2.3668434919719847,-0.024599104271175298,0.5372647852877825
-1.0560811667676442,-0.25136765560116475,0.5899742712054697,-1.0136445039698916
2.3418101413349697,0.6102507855330664,0.1355915027859155,-1.7008360733067003
0.6044646070599797,0.8405347003572382,0.5284908293560401,-0.9589613424430206
0.8869590997391454,0.11546918815029548,1.0985844301239593,-0.31904943962026194
1.2316130788939075,1.5281314527550154,-0.6897142515063979,-0.3390384321030246
-1.8176722919412185,-1.8920381013395784,-0.2736249451644594,1.802268812014164
0.45704093184520106,2.5621369025479597,-0.7976817525773269,-1.9990787080529435
-0.06487929295431677,0.4978234127277958,0.6695496835029777,-1.0268164011537984
-1.1202966054232937,0.9680988864885177,0.5713112785452034,-0.2657999632085749
0.33551377844976904,0.1259710534993727,0.5893441015974247,-0.8205351336132893
-0.8698416788782485,0.5318068266868156,0.749804546773099,1.2989800722664835
1.1969970485843398,0.5719343405540656,0.3842219532507675,-1.4523877808535237
-1.530418075872738,0.27342344757895176,-1.2125520451451566,-0.22757036921819282
-0.20658783607332581,1.2337943738338126,-0.5562069034169584,0.5227091266151048
-0.3165015500671051,0.5059720330228665,-0.5982540100410831,0.33123940011542924
0.5971140042458639,-0.14812103408060207,-0.04233199363432531,0.7547159627256845
-1.984318712721254,-0.8188443701482717,1.9143328915242512,-0.10105929758410846
-0.6505883945682491,0.6909832291807864,-0.02774968650926269,-1.977120634702549
-0.16850491708437046,0.673620880124724,-1.5332926548913899,-1.34975365157413
1.8952094467828196,-0.42705930266415626,1.9187152049173954,0.2971458726696445
1.679915130719844,1.9612281401861487,-0.246589357134717,1.4231009312088219
1.372853516309291,-0.4954430517472955,0.3302796799477231,-0.2636154608859657
-0.3618114110896755,-0.3818958562964106,-0.24742656980433922,-0.36434549887087736
0.4563377183269759,-0.14419644700356057,0.549684888663616,-1.0595495862906288
-0.31366107822544975,-0.7150012225342812,0.26224574211578217,0.022635576191359696
1.0085487365065693,-1.0020136883035196,-0.7965538065589014,0.5027433698714872
-0.3745103714726932,0.5351463159233749,0.41870759977926636,-0.06595132952719815
-1.3436828018229183,1.826880967571967,0.7826199765609364,-0.6831980771623855
0.7043718874349277,-0.6295028711524386,0.8432997515350729,-0.3653798559491228
-0.9352872889935179,-0.5414076144811998,-0.7991029998075562,-0.15787767330618718
-1.4756090117300813,1.8143471453988143,0.8257245063904718,0.6204202656104744
0.18929521557300133,-1.2641134477338902,0.38532140115586233,-0.0130196106328285
2.13827787228251,1.2317598658194027,0.1907003558103866,0.1289595703502946
0.7191938433864189,-0.46926893784468626,0.16486989166319954,-0.32964816201995756
0.07088860924556337,-0.7398135305992828,-0.11366615742121364,0.31607213697851216
-1.2007032355620648,-0.5446616447478397,-1.3443083663399966,-0.13034670386742603
-1.2915428051964188,1.0645319658234673,1.3879811593358466,-0.8462058474163816
1.5556558353189658,0.8781107657237058,0.42873722714349893,-0.0417267657154969
-0.20074337369709458,0.6261819544634247,1.4997796550795617,0.47645139183954693
0.16799604838646995,-1.730223339117759,0.22501871984523056,0.09013688614377825
-1.9518092969722005,0.5005252067722552,1.8566112808490176,-0.013991115350257925
0.08942720510744508,0.20835746135482722,0.5271469006183411,1.319798424100071
0.4751618929063295,-1.6901207177439599,2.0917974355661393,-0.024898149855766404
0.36116719535855635,-0.23780417787523103,0.06372211752273559,-0.741619580236087
-2.3242499533019685,-0.13548171534329467,-0.7098030695409242,1.0255686557228583
0.23781431707772024,0.9889751829663973,1.5145504362270716,0.739143014499973
1.7611105337276372,-0.05293202398947179,0.3579111218331713,0.12131659750595987
-0.10897255852714771,-1.0215116762854404,-0.6883010638638575,-2.111039383562929
-1.1465605774441179,-0.20004018141691957,-1.0927121199002165,-1.4925356134897714
0.5725872674474797,-1.7683419457366467,-1.719402294014899,0.2716046847868874
0.42212596188449497,-0.46625506853684845,-0.0687844654521609,0.9043888278769857
0.5492316117870488,-0.4320667148843528,-0.5723761622137341,-0.8109167724076318
1.106190851920048,-1.3988353836256018,-0.47255620149697675,-2.6068709655618156
-0.4442360588647245,1.6838163463009392,-1.0797401791057684,0.8334404981843295
0.8969763731086221,0.41090126121073156,-0.820220563307187,-0.5718230918417916
-0.02578152837611885,-0.847331229072525,2.1865654225697075,0.1777044869899718
-0.5147772788824104,0.2633360530322733,-0.5960289793164205,1.004941251007258
1.2780784241958516,1.5045905103203159,-0.732657070711,-0.8267819715017793
-0.3233643606485668,1.0478011059603358,0.24657241040424474,-0.0632559702508286
0.9416691314812017,0.8112638563970438,-1.284565804635,0.24685999306831435
-0.8172042607381471,0.041867753777536744,-0.7010454737164473,-1.4459308121387282
-0.17168352339684897,0.34050050512750557,-1.6560976453545226,-0.2523955598288707
-0.20568156014507802,-0.2824733865900051,0.05788517914345053,-0.050891533637150946
0.3729970135379035,-1.9378307239661965,-1.5400977387513974,-2.031147432212746
-0.09510457033672236,-0.19499426693269856,0.9079029622141903,-0.43365735828798246
0.4266185113291025,0.6078539843732467,-1.1961284660519005,-0.9174074355451668
0.16139461937057556,-1.501765193891646,0.8315280986928381,-0.4634149383999767
-1.7117004277685923,0.472353753082394,0.23198298593141714,1.0634526642558875
-0.4116912984810321,-0.35402799547847535,0.028815161549394612,-0.5776150863463366
0.6436363874884945,1.2182969163501132,1.26645696181642,-0.5692567144921235
-1.7370904818472817,-0.771777600029745,-1.0476301647373356,0.38265772254619157
1.5826305387845976,-0.3935618437437358,-0.4902928683509373,1.6093365518288658
1.7226242044174453,1.7833054103767374,0.022410904472702727,0.9326535770878847
-0.43018726694082904,0.16721504684177502,-0.6731406216521171,0.32311929964549174
-0.8042479029819892,0.08289489719167088,0.5723994002536151,-0.7857908016685183
1.1657048878462186,-0.6212273979559437,-0.13611652769995616,-1.3436793923051416
1.0328664608571516,1.2023151733803215,-0.6753968814921936,-0.9729810737017615
0.8199338906601925,-0.9680059468540577,-0.6104634057390236,-2.2944477796446523
1.0419837728743075,-0.3945815315184271,-1.3898580341201483,-0.4239520464627778
0.1111462215538898,-0.20132190415646375,0.6778581146188,1.2461945768356897
0.47736430114452333,-1.1947532782320631,-0.7819545977272107,0.7571791362109422
-0.44821009889948676,-0.5977785505975652,0.28610375300744,2.4681126866458727
-0.6792533777296066,0.9208950532433627,0.5134591113111879,-1.0115980780192113
-1.0260448404112568,1.0343953941960364,-0.0038363527870349133,-1.630577781886179
-0.020216287278845398,1.5667968182376548,0.3486307407499842,-0.5386353555877372
-0.4703625647984884,-1.1874011308811399,0.22373551323145144,0.5572991636000706
1.1087378925335194,-2.4205865418070522,1.560920408380409,0.5642974954705761
-2.286282568933079,-0.15219303459387662,0.1112714655384756,-0.39943387747944925
0.7762850374165798,2.0422391252864323,0.24947924478200448,-0.12214806144684215
-0.6438309655269192,0.7764803832852386,0.5802776645365778,-0.6194198760471896
0.5329229925101018,0.9190151844662136,-0.748352247640189,0.18320097793526882
-0.7185696224454825,-0.5519605266631584,0.441954568386369,0.6701763374179834
-0.12632622031586316,0.7440442882325186,-0.06172282017206726,0.9636680322270605
-2.074444520123933,0.9699555418009715,1.2836433860081806,0.0015426484169439808
1.0222413601954687,-0.9428343877782285,-0.513067132558251,0.6522210270420951
-0.3585705708462153,-0.46604505165103854,1.2213613290318768,1.0881165356188947
0.7678822474467285,-2.0287557070734774,-0.080338884584065,-0.786741272893346
-1.4131526181188592,-0.6423049341311787,1.073672597943654,-0.7822565960334438
0.7166330668284947,-0.8986714618564985,1.4863293944390235,-0.4932351538080494
-1.9340973422531262,0.2542024206046873,-0.5653817736235465,1.3173073320528927
-1.4643104054368214,-0.24786966040923056,-0.8522356802973113,1.0802775276165504
1.048564608598617,0.39190685572423567,-1.499358507377633,-2.5832603934796885
-0.9254966213465992,1.2023026369983478,0.002424863935307817,-1.9895556972789465
-0.41632568487054955,0.5993979754122696,1.6560615152773792,0.6200418063330505
-1.4102267476755554,1.0014188136879514,-0.004274976820654329,-0.08626721031497367
-2.3355783404674737,-0.24319656148635585,-1.1135483003439737,-0.11899026471834999
0.10696675810610455,-0.14487434682323239,0.4107445063598279,1.169035631350164
0.943238269867219,1.3143549210664616,0.6825236852737556,1.8459686548502598
-0.9313137924807079,1.9145843810872338,-0.05227047919413429,2.056553837634867
-1.5415939233254006,-0.1336790049108966,1.9223701411721086,0.43902181347562397
-0.36425072795156294,0.0829915614896542,-0.7294720944068191,-0.3107080098769238
-1.9111017810010509,2.0314286262434615,0.5391363014354217,-3.100721402919871
0.9254449778791521,-1.0063592077236603,-1.4618632957774689,-1.434138789124272
0.2940823842774535,-0.44120751568986394,-0.5931125234140482,-1.9424179954550662
-0.10054399487585017,-1.5379820164087967,-0.46266476815578667,0.3577344356009675
0.21491244575633106,-0.36990730210324635,0.4757360067127807,1.1826596814859216
0.2849745313130296,0.9577265228965162,0.962898496433226,-0.06973631921264138
0.7800865764230634,0.6562647219117053,-0.08754982048861011,-1.1837771065525207
1.534000415963357,-2.0022980685920113,0.33658725980068743,1.3991344821295106
-0.20599792600688202,0.5265421942270969,-0.03812425613186681,0.22345478634369978
0.2630936050867865,0.690171768076005,-1.2855698174855446,0.7010226936188474
-1.9016980287660752,0.3202759995062665,0.40764952192255843,1.4353263845766213
0.9707444131695617,0.41013370521686754,-0.01877230566722966,1.2980473209545342
-1.8923273363271405,-1.0120114895715624,-1.314578444514633,0.9194397198371697
-1.66202766943222,0.4768231255901505,-0.5200924028861164,-0.05755650763526379
0.10767908277008552,-1.0030545385307172,-0.46312440932297727,1.246811593996357
0.16765690360748844,1.5365269086316469,1.1029314757685622,-3.2749801260913327
-0.9890134846331015,0.04476968088011694,-1.0886863456255582,-0.035583785952641986
1.3316359210343178,2.573433502138398,-1.117014607087074,-1.455497272526827
-1.2026316375167587,-0.043137944368825544,0.8358056386149179,-0.3864348339088142
0.11803678227721431,-0.7407271660211027,0.18955426894981584,0.3244198661588831
-2.4732440153654576,-0.1671265354554559,-0.14914920671856907,-0.41643070665431126
0.7002772042800731,1.0649452503829646,-0.626594001719305,-0.6572531539800232
0.030872244388656076,-1.365579132265154,0.17867730419507033,-0.27510001995516625
-0.4887467782625478,0.43323685493154507,-1.510361143616765,-0.6412668656695616
-1.1055696978420821,0.02280750751463992,-1.052810175269549,0.5170825406940829
-0.4985424389695776,-0.14854817855314112,1.1670153525172737,-0.267471628818462
0.1337118844741365,-0.08409583215359227,0.6129826228728336,1.9103932393060021
0.7923570933254152,-0.8445975158784831,-0.828508632528455,-1.0601062659265925
-1.6619349476527967,-1.7466554561116934,0.49129891024015576,1.671768857403264
-0.6887222618226512,0.6466249081487455,-1.0550685663308634,-0.41636834222658925
1.0336181165541956,0.7919264077678277,0.09475699228580134,1.7823717873293063
-0.04568039033703867,0.3485732515222145,-0.7835517602999036,0.8297941509060227
0.9749630705585222,-0.13568457004192694,-1.1133249849682807,0.6137829077304666
-1.4294778000891353,0.3645506718137609,-0.015324040880482555,0.3848346999949897
-1.6045261631019732,-0.45720788082106834,1.4333846910455408,-0.6191148939626517
-2.219426725855352,-1.0552158773963964,0.998099279763034,1.4050817909486923
-0.5873831040206604,-0.8501278534412282,0.6317809035788371,-1.809389532575093
-1.7473078199898784,0.4538515225734824,-0.8237819253417002,-1.9681406627349294
-0.8501750103350684,-0.5005943872083096,-0.44940423301732074,1.5662905535966374
0.340722386466948,-0.22554270011120167,0.7580012326961463,-3.0770983109632346
-0.7898993883346781,0.9628082550070655,1.0332324620173692,-1.0358726558895908
0.728582324279415,0.5661859494975092,0.9893144558134276,-1.47532633139575
0.4986779627467618,0.9697885555277155,1.0831293220156724,0.07803787103737499
0.34155282755448196,0.25323755005969817,0.7592119127355088,0.07275647278403899
-2.136557443939367,-0.27653616175543666,-1.078464366644516,0.7789074054106103
-2.118569644088451,0.7985729265286975,-0.8949480159193662,2.4127488976548954
-1.0393091203271894,-0.4306485204943004,0.07142710196722764,0.4529489889790324
0.6220426501753236,-0.06014279198224377,0.27268127874987635,0.7123326164502574
0.774543743232566,1.4812400789861273,-0.3139820290764929,-0.6915901229087031
-0.571652053300287,-1.8449214601838217,1.7447693824810304,0.9437815616941336
-1.917723780023706,-0.07581336611114799,0.2096647141213918,0.937682038083414
-1.0449687661639004,-0.9825077142457087,0.23096193771163037,-0.2922417457553498
0.6498344851969057,0.5758149937947494,0.3870940637568879,0.46875660316516105
-0.10636103977681477,1.514009550890766,-0.21831328076310266,-1.1841226849566033
-2.2773221725528696,0.7402136411329256,-0.373377477565914,-1.5673538057247467
-0.6089286992510939,-0.6059790406983647,0.8256492722029916,0.09890075687689168
0.3194484662377828,2.206060310939153,0.20236043374146104,0.01814267992898231
0.6242806884969555,-1.944309807059321,0.6813600216779185,-0.9916241977141012
0.7516407637990106,-0.4464619054566058,-0.9230431171385132,-0.4509381470378482
-0.9346454432601667,-0.29766841210430117,1.102812998940547,-0.03330937213875137
0.07449500204460001,-0.6368529367292625,-2.90413581006404,-0.4562392400876457
0.10882396643874463,-0.6505169952302065,0.20668928767056824,2.2619750966679377
0.45138612673459333,0.20965813181208895,-0.5876101463085727,-0.6854245581849049
1.0286698996061225,-1.1285328015552925,-0.792108523136305,1.1720996790611373
-1.716410188482337,-3.3729443672265553,0.8669320448545971,0.7564065324917997
-0.6831133753428392,-0.46785195767935167,0.17397166979149142,0.4190688488367623
0.796031905111222,0.8374601536590918,0.8304660481356244,-0.13215744362585385
0.7687354317295617,2.146204434297603,-0.6253188799551661,0.6488418515678911
0.7492957414098861,-1.2737907274840596,-2.561563225295617,1.0787975262188623
-0.6123499693718437,-1.2874422500344036,0.3036645432935583,-0.5336874588384839
1.5464619823296337,1.0505166391702212,1.2701540763279298,-0.9287951849218126
-1.441722276623567,0.3430611552602218,0.10362054216937083,-1.6378451793141093
0.01966708758435341,-1.568262943135058,-1.3121317814445133,-1.622152634700423
0.11963579797409044,0.470856561400451,-0.06521919190768137,-0.3785139497356272
0.31681590271355875,1.569838919080443,-0.6649970625565077,-0.13072438729443672
1.3908636448671665,-0.2943020711958678,0.8847027458239604,0.8994512206840529
-1.2514062837842095,-1.062719813117898,-0.48663654322632277,1.5581702632903827
-0.21512749922266608,-0.7255734032480103,-0.1326418868823556,-1.7036639220710157
0.4822365510891965,0.683980893059793,0.3428358413106521,1.033988955840295
-1.7769257531666438,0.22842618409348323,2.0337748217579037,1.1518198872595937
1.2954034489689366,-0.730726007341808,-2.2235979099395893,-0.25765769730920096
-0.36157749731290423,-0.9090889967172548,-0.5154795382936599,-0.5499400854373439
-0.2819683133569736,0.45783514224086425,-0.5067563054057048,-1.3098931614107032
-0.0895288316273087,-2.241631097203659,0.40311832274208087,-1.339557399268824
1.8752658154467565,-0.6404856231004382,-0.42345182365395,-0.3149497747772864
0.13504307211678945,0.8495647000069082,0.27799693686132554,1.2399893747358224
0.9417666506825411,-0.4413161468599911,1.8723646204283708,0.12630026705316885
0.19248016430583914,1.385230883058385,0.6111963139824304,2.296595736291814
-0.4753965875920779,-0.26331387187899047,-0.27417087160421666,2.4392183031715966
1.6130898692950766,-1.0576465862880977,0.008523412108187163,-0.17899386843329268
1.4767843837146284,-0.6046062228101676,1.1844422818788551,1.9884937270861434
1.787833387075281,-0.5035902088653724,-0.025412159460599198,0.788087241679304
-0.5941640894054325,-2.072053368786254,0.035156634575890876,-0.4901816546205075
1.1875299404210449,0.8632675011156024,0.03914091405782473,-0.6595446964364792
2.3457010896684602,0.6472790404277988,0.5640715590440841,0.17331644636046278
1.999119111887018,-0.14338874621172562,-1.7570248864147344,-0.9941070150578983
0.44520727212938993,-0.28530531185881725,-0.6209493823717424,-1.5268891061658691
0.4849110320197059,-1.6104081898468032,1.4082264218042613,0.09399826661021983
-1.001224573368653,-0.5132981744598295,-1.6426247697241716,-0.8445592725534657
0.1692672608441741,-0.2852340703486086,0.2717592294548392,-1.1709388402011145
1.5238915991043676,-0.3636311468731179,0.9009005090943505,-0.4653187694061985
-0.31573064977302456,-1.1274205413575564,1.619068741264918,-0.5861089252152194
1.0173471926293634,0.3964342780027212,0.6077917635070131,-0.3284683466157878
0.3664313420395375,-1.4639785129788772,1.231924063719981,-0.5994890063634937
-0.6068158619936851,1.029672019535983,-0.21008528634261334,-0.33198201349748246
-0.012009518441886639,-0.14623897618670342,0.3691584663885629,1.3956023587962052
-0.7769973372758374,-0.239087248904706,1.284336878409986,0.7394005228492908
-0.43677361662342495,1.0734316924246339,0.2626180495258097,0.17370783718679264
-0.3480038777447383,-1.014036107397966,0.6776429661794,0.8135181333491619
0.06032039716092688,-0.11625939426595126,2.187723716312306,0.7554698003884036
0.40496210516777276,-1.994419265205347,-0.6322822096836961,0.01829763381151252
-3.2679193327270384,0.6229472085971317,0.35431976238748714,1.2265949785941195
-0.5989474075478511,-1.49773465520632,-1.4891717791339878,-0.7310655301311692
-0.24863198596410807,0.2700099617117258,-0.748982330058479,1.9072581605104193
-0.7613243616123735,0.21213582757936006,1.1857596125287126,1.2880581040703085
-0.4348606976884272,0.4277642909003575,-0.6899528787495305,-0.3245586179835655
0.9489133449570563,-1.1269444506508508,1.5485449286733761,0.7909786467050536
0.18024042905888396,0.7540894459857245,0.27742860661046503,-0.9439396876102801
1.5317100448172503,-1.1071266642613093,0.3252043549500467,-1.1949143595307092
0.33942542103128115,1.171992018407991,0.5886906740139085,-1.0674430825468166
0.26937302564412136,-0.3905821491689299,1.6138510224785445,0.3102758626813097
0.4406540803297734,-0.9702914682397082,-0.8570956732280266,-0.673032001902735
0.3636390615505999,-0.1870853977915745,-0.5787450142143346,0.9314825188126127
-0.9109062952257178,0.2666533876833667,1.357192246250459,0.4240660704188102
-0.5590602560027746,1.4931883347492578,1.248286218813196,-0.45154547841231774
-1.4201851379826915,0.5022646516537831,0.8773297985497326,0.08255495795553053
1.0484231110962576,0.45215579233670644,0.1791368318604296,-0.6037852497048792
0.125445684510558,1.2846087826554793,-0.6873581405630224,-0.6434027312680063
0.29788753635050624,-0.4936272660564712,1.0260444279105856,-0.19523751608827375
0.13619598640303354,-0.6026727331221298,-0.6202593182250224,0.18627306476244035
-0.17785267181815287,-0.4957863579692026,0.45150095957882475,0.05282637012641679
0.5022889023590487,-0.7516383001422164,0.7990403958987946,-0.6697698824181362
1.199402450902732,-1.7414837299293302,1.3916188549703792,-0.3746173255425607
-1.0461878872982153,-0.6072814429969557,-0.8466712218365182,0.4437125426709956
-0.715559425255721,-0.4258066987871424,-1.6937709996875872,-1.5297620037109994
-0.2546586191042676,-0.1521303018533286,-3.0204221684347936,1.344606080791557
-0.4837163512441488,0.4901680520252277,-0.07275083655667418,-0.7885087647379505
0.2744372873313334,0.5030445911510886,-1.0221740850374912,1.8458167250543902
0.30825895104781614,0.12008569674615602,2.0994512540036308,-0.8627090849545518
0.060328586790348394,-0.4714954371529744,2.4730657449286975,0.1935141576281555
-1.5570304013478302,-1.2197913174113906,-0.10191218947685177,-0.6882977493594535
-0.5491661552720609,-1.0083908907219807,-0.4909099107535187,-0.2979040469792606
-1.2974817770852112,-0.06677176455812199,1.4140455124025832,0.014766120623142233
0.3730995992785469,-1.358122105183171,-0.28513910209038895,-0.18912785621461464
-1.389640711900547,-0.12420778212960919,-1.1960247748953836,-1.5128396240395432
0.1360845705443927,-0.35402146007388224,0.8140349085851455,-0.14374840922466253
-0.7025110462987965,-0.07033367875618199,0.45094236534423543,-1.3110299010272881
-0.5870482987290482,0.4126086847325545,-2.09074791535333,-0.27938601350448133
-1.2097598857000809,-0.8217813340424652,0.09677251924751348,-0.30665684394779885
-1.8102930926086125,-0.14028533941546942,-0.40190248413540275,1.0180183561938445
0.6129642022696471,-0.6182547959741603,1.7990631577974445,0.6134963805123403
-1.2352729696235445,-1.5623973963675417,-1.0292249426190587,-0.2624325426427988
-0.3703618455488651,0.18064753353732824,0.719417731957189,-0.6495098177989445
1.3035287937619824,0.14570316796746377,-0.95415793551461,1.0546567716729827
-1.2253662252109365,0.09184296501045923,1.086761321768849,0.03187192326781756
-0.4156745447566981,-1.1478091132044588,2.0298358494630397,-0.00890857920192405
-1.2010758784404951,-0.8005264111865517,-0.8594243889013002,-0.6464282549271292
0.6246097467008961,1.4064937065777354,1.5034149939923485,0.6242991348192046
0.04754674480221279,1.1234695844208642,0.19904932417577328,-0.369472457291095
0.19609295612527355,0.16981301341953994,0.5329894039092519,-0.10921099330453304
0.44392114111955105,0.9978659219388104,0.41645543607692137,0.1774956340871786
1.1932724706696687,0.07346291194957683,-1.4701428050588443,0.024996637235207453
-0.09375085243689009,-0.7095789083624783,0.5274524352039016,-0.39146562533853607
1.5535838494472152,0.19253312591256164,0.9207629404273494,0.5056658937034771
-2.431290822820838,1.1382923949840436,0.038136325924738076,0.284863688246481
1.4598080485676321,0.22144318744300412,-2.218063357849384,-0.03976242765190426
0.5933779068690255,-0.9776226660795775,0.6797423822768066,-0.22915283590432506
-0.6549515882092454,-0.1856139362490238,-0.22060434786758135,-0.20541439606690204
-1.0712151514187354,-0.07421764823858384,-0.47408064229776165,0.4918232608568835
-1.6821269906026277,-0.9429928465680066,-0.3357538779382898,-1.8452811752284104
0.7100652890420527,-2.035952553257077,1.9855352920633305,1.805833079697802
-1.556657158903814,0.9172706185455367,-0.6182168895932753,-1.7316062431030896
1.5688183286559498,-0.816253436864625,-0.4035106965985584,-0.4883451215325398
-0.2976738567080354,-0.10668330977663104,-0.13137328969418788,1.413094996798899
-0.8719750270906765,-0.6933300142635702,1.4874188889953832,0.411446090240711
-1.6999837201806034,-0.6451811956714432,-1.9659783547073688,1.253996263038037
-2.4063580448702466,1.3738675734502137,0.2220792944001731,0.5213211252254752
-0.3490963189443757,-1.2560740226143092,1.0416525297404247,-1.8194767161815184
-0.5062986351445662,-0.2363348086264694,-0.14296434102587763,-0.2227602845161508
-0.5279715174852059,-1.9069000386046258,0.09868867952045454,2.0761821449623987
0.7705188512583111,-0.21428480079741524,0.05067797784298408,-0.16029520884431936
0.3255838141371326,0.24644069692725318,-1.7222986557220357,0.7803230584894841
-2.774707946280563,0.625594557593088,-0.4338161143393845,0.0638721100019453
0.8413002724186206,-1.0016264029800612,-0.4492842213882529,1.340187142601916
0.47492321225204565,0.1812032708779865,-2.22432348167948,-1.4397031231734916
0.41955005877337626,-0.15279820164733068,1.488178831244262,-0.007540027015265458
0.7101578651630402,0.9670982512909341,-0.46527088369920655,0.05873695500819054
-0.4361469040112525,0.6116890636859644,1.0108016038906609,-0.5710264301328607
-0.5725230329246115,-0.6076963125889974,1.0141798288451753,-0.6028124395603516
-1.3506525852499116,0.6950013264849851,-0.25179531530237187,1.27512598033275
0.11162611259341966,0.26892122937097995,-0.4309369848251994,-0.6068648517262063
-0.7809409506142998,1.604280060248273,0.028715225394318648,-0.23493116671704997
-1.6810303537656293,-1.0995602515709633,1.1291572330096935,-1.3271769478846762
0.013689634057034208,-0.06260302132631314,1.2844567554671498,0.8207121214040298
-0.7190457918204907,0.5873704507170097,-2.25497150254727,0.7576160389574667
-0.5473620780831825,-0.9395025110162887,0.49357350212248835,0.5016962752634914
-1.4812338852889873,-0.06532884128540652,-2.1379334715048053,0.292647930130264
1.924095589716642,0.7679757706151132,-0.6557993844930109,-0.6832756813545395
-0.27419148203285004,0.48881219023565714,0.1372506193709064,-0.27019210421994844
-0.2439712668324379,0.45165576031215654,-1.1783569799545692,-0.34346297539210313
-0.40049378222869897,-0.019593841567992945,-1.1942405665460183,0.22257135304913436
0.7614605999169929,0.3877554795314529,1.147631544459422,0.9426923303425818
0.028339858549183257,0.23156270746096594,1.3371218670087432,2.2798734664974005
-0.6638378546986992,-1.4736531799521946,-0.35852821538948143,0.4124992693174825
0.8763888982315678,0.921794148014961,0.4858989865355508,-0.8471597197344076
0.6375810428526267,0.600673351110102,0.5947108247488812,-0.4544623073662557
-0.7077560640417739,0.3661039022175892,1.4025732922734493,-1.7258636075486458
-1.0042518807269185,-1.3406724274634767,-0.6166631042449946,0.12565513598635253
0.907909005458418,-2.2426232954675718,-0.7067628833062254,-0.21136311393486854
1.0353380839948538,0.9174574967723946,-2.040964614030852,2.246588339414604
-0.06569512512863752,-1.150669538643785,-0.5860282865854026,1.7290507627676113
-0.07386732654617731,1.3191007776610275,1.868838601465722,0.6399827124759003
0.0652193178719514,-1.6802476252957144,-0.12340686866934138,1.5592588797604472
0.7166215850046804,-1.177566400809359,0.09978505728543884,1.3372440142102395
0.6536651409069903,1.129098037422561,0.7482571038385466,0.6494855616538125
-1.0683087671419402,-0.43738156749047075,0.5071180747988621,1.2777983905156245
0.5326194130623566,-0.4476849013728222,0.7041155786744308,0.6494897425788759
0.46896750825499095,-1.1414422069196952,-0.29724536001180446,0.5822342300441239
0.7121127438774826,0.4191669438205974,-0.0678162185642177,2.0480275858952357
-0.4673959413092616,1.4886662683290837,0.33943448803039605,-1.4738916256739811
0.6404875675816633,-0.09533727600482439,0.6902576891327908,0.8121337557456038
0.7550319901028726,-2.0048734647435165,0.8341847961445457,0.9328017556960448
-1.432129259582562,2.446735887083569,0.3577684176971445,0.40764562730427856
-0.05250915871221219,-1.1282622617407736,-0.42523412023828605,0.16542944346010183
-1.0376692780265515,0.08428423435182272,0.29812000257633625,1.9901212860240651
-1.466401198938166,-0.7313814864213058,0.825439675379121,-0.47514293056047324
0.5696017618859442,1.29608322792188,0.23823588498065262,0.8717679818133613
0.5516451307156126,-0.023864516606575424,1.2746844453271733,0.5822669303995007
1.2146734316663803,-0.2881206881047371,-0.10821138004718725,-1.258973235698761
-2.188323903685507,0.0540979154577788,-0.5015150186283481,1.042382093403862
0.29981742242595455,0.45699421583802735,0.7546818315993815,-1.4389241158419106
0.9613062407897873,0.31741750565000726,-0.07323805530224818,0.041959364004343
0.9108786636837746,0.9538153893765345,-0.8511097207344754,0.3601885776375974
0.8567249173694781,1.9477714624726337,-0.34923501686331077,0.408611827197695
-0.28051173187809986,0.09120119575047696,1.43408045131072,-1.4476666234827393
-1.3072670523327368,-0.6925858520839009,0.14928409977052742,-1.2732902176778509
-1.041184405854435,-0.2569665105403032,0.3250548039583902,1.8341126222239952
-1.2995098113634052,-1.0630342117138487,-0.7124210416853543,1.4310524556991235
-0.5894122918102934,-0.6185518785271711,-0.16851037684271708,1.788027221545979
0.6660829192061228,-1.1180010691224964,-0.9467263669000584,-1.6488798548655548
-1.2071327198878505,-1.7877704866203048,-0.1211897195668844,-1.4214353114078433
-0.20802806999589898,-0.33939986061908106,0.025836501031609387,1.1762426725636226
-0.8551685021623845,-0.2749999229093816,1.9499384391238206,2.3087960167886377
1.4248123722105792,0.09646413589852099,1.9154272144698155,-0.12691865496657317
0.17513552362339113,1.9061209048257595,-1.165866831938787,0.1753096535832683
-1.0649484800532336,1.4562651600972094,-0.06549419652570994,-1.2086625561540336
-0.9402236857791302,-1.602448005363094,-0.8017586530272567,1.1476655509502187
1.4371521292125968,-0.09791970717855757,1.3783306921490592,0.5257331423551356
-0.7293315179922704,-0.903778186887803,0.6114496242440538,-0.3698048133607233
-1.4094127971567405,0.4625273905332442,0.5274345938600056,1.0139887469220412
0.33431975851446305,1.3104767514978495,-0.230799022014843,-0.930739857429783
-1.918204694753125,-0.3678934093602106,1.4817770102904295,1.4391283392304335
0.13726372994777242,-0.34718558467078053,-0.5387373509788197,1.0775932494594405
-0.7999097309400445,-0.8787098211387396,0.9060653739930642,-0.2398892513781017
0.198910860260667,1.47202498075183,0.5458950741266364,-0.6388021541040898
-0.4192332345272677,-0.9449694031513175,-0.9129435146601315,1.338377755164628
-0.28562891243554495,-0.8816281545405963,-0.16705113750121414,1.002080627886718
0.029389984282043067,0.11727438998267255,0.4378937353538507,1.489942352703051
-0.9099531006997924,-1.6418273505129422,-0.29393416135949035,0.7296548442644447
-0.7696355298213656,-0.7006027600899729,0.40346083092185675,0.6701352417732256
0.09522634003465423,-0.9888866627759623,-1.0808889799021348,-0.35900569233004276
0.3658881772549749,0.27845885929738323,-0.5167590336445931,-1.557872749154821
-0.7189771722389032,-1.5527219548353655,-1.0229820156630995,0.11221695806485943
-0.774880765020466,0.26421349056341675,1.8546517405384821,-1.4070020337836489
-0.36986356669965675,1.787711174149502,1.4497585048693669,-0.5315030593883663
-1.3626699446392456,-1.8568670310796451,-2.172047349472154,-1.6879199328797962
-0.2966074472257853,1.0243692234180921,0.5826662823595233,0.10942594017514905
-0.5158221252386165,-1.3426051962666907,0.9402959334907875,-0.5885558840469096
-1.6966884416472652,0.26569658334133645,-1.2960968733761618,-0.8295088498304745
0.3301850656275622,1.4272910061267534,1.2544414544978302,-0.7569905689493194
0.14952572695528157,1.6662400990773876,-1.1488275904225758,0.9628169712624988
0.3752569845398926,-0.29158924142558934,-0.5648993798145482,0.7783433455005885
1.67990046184254,0.34684225635644095,-0.6548709884366303,1.111320372890207
0.05045259675383167,-0.6023906075026179,0.7827109638238882,0.9517854522615252
1.6223036747822752,-2.654909973294257,-0.5648598508226361,1.3905576612069805
0.1482363321125677,-0.028089719804185787,-0.5589871333516196,-1.5694990490530594
0.7968649975133644,0.37115518616836474,-0.7314089391068577,-2.05444281206607
1.0014588674608886,-0.2683908367982667,-0.5549598956441665,-1.0015409829825825
-0.3586553769105053,-0.2439735891834218,0.5858823867655845,-0.9342248389625127
0.43772900883616517,2.2906635456910727,-0.8877978240848529,-0.7975872386136872
-0.46010741409460354,1.19601650723213,3.1005533882127105,-0.4570389052812228
0.4523433755110776,-1.3159014131989153,-0.43428755711279365,0.19531603939927633
-1.2580994962647847,0.09917198511901949,0.01443280974180653,0.6640359219148073
0.14371992698834712,0.020129709677149277,-1.9281523090346897,0.3013994915120384
0.2481767846302209,0.48704799717082103,0.7812633352063341,-0.5939647539319528
-0.42983847672699044,0.12054347652003536,-0.04178922981896021,-0.13164809036311204
-0.6064873063387729,-0.25687115507954883,0.029246437553544315,-0.5508838398187291
1.0176592537567482,-0.02282181176054319,-0.03769657108248584,0.21451789124881365
-1.068670583359532,-0.35117942616725095,2.2542660459398065,-0.8280989598787096
0.5878721134087234,-0.10960834939902543,0.1334403033693475,-0.2246706221165134
1.4707953514821441,-0.13238176983780617,-0.018176731667509147,-0.3899380389441941
-0.7145300244337812,0.37441678592653693,-1.1735435347739418,0.6135411783751675
-0.47226820898090294,-1.7293648920671956,-1.177096026057672,-0.2147882841998793
0.45983303813615145,-1.1630312017613273,0.46690246377978206,-0.2695618892203113
-0.549782249273603,-2.1735552893566013,-0.6911943952213712,-0.23853956641730023
-0.26511966972039497,-1.9529527789722103,-1.733195595983298,1.2124631990503971
0.19678046911412952,1.463174851638067,-0.39887055085051143,-1.2799007172855348
-1.147945064486005,-1.089988595540375,1.4308392427370036,-2.9392472363951914
-0.2758011820247318,0.06566973540423375,0.9608129027580777,-1.552976289212116
-1.4765226440618802,-0.5457380165449558,0.31002906030913824,-0.2795034207084645
1.0600318240152065,-0.6589045998887796,1.1615919230422274,1.080257917808911
0.8741593794403951,-1.3068938172197635,-0.6480918150313187,0.5558983829388149
0.009250470320362547,-0.6616530562723845,1.3652602983102526,1.383281457769491
0.8040932356764908,-1.1040276830827223,-0.9312488317872847,-1.07212304910694
-0.6929679931374557,-0.3370185813842183,-0.03759130028800805,0.9859185337921246
-0.3883683373388203,-0.3704025609112329,-1.8175270926214098,-0.027119778303354134
0.2651109852536984,-1.6038228769525391,0.06787937937692375,0.5080686238422559
-0.061798693340550805,-1.4265760648909853,1.7098117554604964,0.26783797783005536
-2.002989431760038,0.3344610472648981,0.944868273537302,-0.09258281389948726
-0.42592774250270854,-0.5775684318284322,-0.01152925401240209,0.5202888957069384
-0.0915877132384047,-0.3305661300142506,1.832744383647666,-0.17219969318145203
-2.205170028847474,0.43356968123992395,-0.6674466350218039,-0.3588119419907105
0.4447640583841992,0.32103114970158203,0.09906653128769284,0.9437006503683651
-1.0052732930664765,1.2832083065914692,0.45789722548913975,0.09172624734167167
1.0663278389666926,-0.21909728180631152,0.23992080795394538,0.15329923233747914
-1.0678897756338777,0.9232512746208709,1.3141770529695924,0.4824931103398622
-0.13993892038981345,0.5677390913009462,-3.2379727899903417,-0.4506710881308971
-0.16216459758443372,0.4626800149523322,0.46382999292911103,0.8788677072354704
-0.22077847301868048,0.5205249671549277,-1.312180833226559,0.16077934101878047
1.0539519214577728,0.3973960884117836,-0.835779547944326,0.29537235707438225
1.48066721224555,-0.7519505986456746,0.5720052716873961,-2.04278127775617
-0.7788079887294853,1.34731672934385,-1.3069591642092402,1.9569447434880596
-0.9485000292443818,0.5592023007985116,1.4470593320226695,1.6384950126670337
-0.6356687405076099,-0.09549934288462124,0.07914178035491173,0.01754139829349833
0.8649960966807106,-0.8417653378239729,0.44936376082141777,1.2816699521923398
-0.9838537157973701,-1.1362921228782534,0.16647220828657378,1.1874725359990528
-3.0745240872330637,-2.732683614327254,0.7889054991858041,-0.8170947291318542
0.36075463063304325,0.9319018805562695,0.770447216157256,0.8448438218516525
-0.470680888884156,0.37658461573699403,0.31356661944354725,0.6225581429691031
0.4696013187304315,-0.5618268241724316,-0.16715097732824785,0.6796283900988482
-0.056988102084410824,1.0300363566936084,-2.1374268834118726,1.0597527445214938
-0.736107889327334,2.00720749317949,1.0025164846307948,0.03524116155116063
0.101114472786041,0.1370086825150958,0.2845375673808146,-1.4490664724730804
0.6522680143322119,1.508055859956931,-1.7913797606167696,-0.07424172739665418
1.2033088943449677,-0.989507833385479,0.28104550361205555,0.20285527425198502
-1.0112703065510618,0.6971364031520625,0.16767391170552506,-0.14660599007201527
1.0904294353376633,-0.5175710336300601,1.3125913110255987,0.2355842642789785
1.0291020175454468,0.6628911853307801,1.2604057525682526,1.3122496060336026
1.2059753999838807,-1.9666915849000515,-0.4027531975548939,-0.09480866367257819
0.12304243102775149,0.37873617843405627,-1.217517263050423,-1.6477314994918744
-0.5819156848779842,0.5746364106069799,-0.5787663991315315,1.1909442525319098
-0.12816545964195977,0.7244122604520512,0.6351238172682786,0.2959991048630135
1.5287103159772022,-0.7818045186719373,-1.0733410571930344,-1.2774678193634665
1.727783129210563,0.6979145876047689,0.06488116808666076,0.8309113949330992
-0.4603446821346417,-0.43098656089867965,1.0016996736671757,2.0862996740105744
0.7909589924027435,0.3011362002435888,-0.027402534117249615,-0.26261444274618095
-2.036236870974167,0.8435764186041499,-0.9925555638317772,-0.6053372561640694
-0.06593184420646986,1.3667592636835473,1.7599643702624665,1.1834164216964684
0.17782019195029625,-0.482379659587127,0.07287746215716263,0.5115897696309237
-0.25650157570732407,0.08444711112047987,-0.5125099595770064,-1.452841015769156
0.5699736476819732,-1.2023435467212342,1.0778345332436048,0.6879706138464089
0.16721731072206633,0.7851639975813325,-0.9532132447376336,0.9391836128722313
0.005766628091902305,-0.045988753063402686,2.122803196007007,0.1348444852409975
2.895330351550531,0.08186617576806754,-0.9766047204594503,-0.49137432270120446
-1.0922743123661827,-0.1393488567562805,0.4204728386030905,0.7598060358023909
0.24669647050668672,3.2346446383114387,-0.7069188692483666,0.9164204645551871
1.1538980670610346,0.7994469297477923,1.1637316677501117,-0.8417546189886621
0.2905969194673099,0.7994753191932624,-0.761355416843655,0.6364548856994144
-0.1638578124958468,0.34887130346347056,0.8597849026692337,0.008082062917595395
1.4937398219068765,0.9460610873848331,-0.41173419862648925,0.15759734480184867
-1.1019337313858186,-1.6616617987572906,-0.5579107045771422,-1.0063743624506363
-2.2392110216603145,-0.14773951211152703,-0.2868588638718387,-2.5187937206836346
-1.3037805299666387,-2.3952254262142003,0.2660438935915029,-0.8064731017286894
-1.822621088734395,-0.07127679434211134,1.0780399164568122,0.21980836965684866
-0.07182061284125031,0.6838380825156842,-0.41400812170544776,-2.1469502654476407
-0.45182904553394393,-0.9891461656880045,-0.2234906277360707,2.0389058427518165
-1.099632676094066,-1.050526524862804,1.996830707741759,-0.008535352835117374
-0.09926916206977006,-0.05741825891029447,1.150173367122805,2.4747422477426335
1.0386934665579997,-0.11857180869998936,0.14067325508563647,0.7226988568093713
0.7433901769322382,-0.5553141577494152,-1.4922490343339132,-1.8473882466413223
1.0401534073573895,0.6036658197470464,-0.28691863860770206,0.061372441331544944
-0.37775240474746163,-1.3309509227639966,-0.2936371781918035,-0.7041879326611482
-0.07236172006286162,0.4972663158054686,0.7036897369369617,0.11923992308434365
-0.38015136526485027,0.04690880368149518,1.1024649056144464,-1.4207368156238651
1.4438809087861624,-0.14891584572610314,-0.8159416266120212,-1.30436816683687
1.0253637125385757,-0.6506199694380446,-1.2579841891534465,-0.0026808453586718204
