0,0.012495353,0.011125671,0.003252046,0.006624911
1,0.011438864,0.002690569,0.001206437,0.00694672
2,0.000631664,0.007277396,0.004048652,7.45E-05
3,0.017827955,0.028210146,0.007757958,0.007382213
4,0.02111466,0.019642497,0.009237553,0.011499223
5,0.001177163,0.002096437,0.00134788,0.004966441
6,0.009786712,0.015994993,0.010419382,0.009893679
7,0.00448605,0.005658339,0.001648989,0.006138703
8,0.004326568,0.001976832,0.003656311,0.012830421
9,0.016764488,0.007619346,0.010560693,0.016619282
10,0.009823588,0.005240903,0.005795134,0.002055961
11,0.008912397,0.003912805,0.007342974,0.009534942
12,0.010963436,0.010968976,0.011318054,0.005938664
13,0.070392697,0.014961177,0.01340963,0.026714264
14,0.015496655,0.028628059,0.007864542,0.007460981
15,0.017610078,0.00820436,0.006449228,0.003448279
16,0.010594924,0.001966866,0.01477635,0.006240827
17,0.004686346,0.009678239,0.000242993,0.003084469
18,0.010111479,0.01578243,0.006967464,0.005101705
19,0.0083429,0.010124563,0.018683668,0.022616534
20,0.030035723,0.039358713,0.027557495,0.023364373
21,0.002972367,0.009646377,0.001194528,0.002060068
22,0.004512069,0.001099825,0.009147555,0.002142844
23,0.000776907,0.000253646,0.002514289,0.000213106
24,0.009974224,0.029442755,0.018649292,0.040571602
25,0.007654075,0.009884943,0.001961341,0.009156811
26,0.016123888,0.020772265,0.009173274,0.019787628
27,0.001536871,0.033995459,0.009028196,6.73E-05
28,0.014200483,0.013443729,0.002736257,0.009775491
29,0.024201636,0.033836071,0.010370657,0.02644933
30,0.010457588,0.020917548,0.012326087,0.006827023
31,0.022169368,0.000558407,0.006735888,0.00167964
32,0.01638634,0.037166712,0.020344672,0.005494864
33,0.014511903,0.016471018,0.008610258,0.008014662
34,0.00394305,0.005425257,0.011800768,0.01521153
35,0.013525735,0.021091452,0.032651035,0.005036784
36,0.00140803,0.022864091,0.004328446,0.004067337
37,0.001825468,0.002702294,0.003998103,0.013774945
38,0.023406426,0.002617674,0.001027938,0.017996024
39,0.008634227,0.009016455,0.016455445,0.006407814
40,0.010849684,0.000784006,0.002937792,0.003233807
41,0.024564907,0.019492613,0.007873421,0.003182122
42,0.012231747,0.000568386,0.001257543,0.002249234
43,0.006943722,0.007896993,0.008967362,0.013211196
44,0.005174659,0.006049786,0.005673547,0.002357277
45,0.007884245,0.002625765,0.000617476,0.002573796
46,0.003620566,0.008735078,0.007873859,0.007199052
47,0.00977819,0.016481921,0.019138331,0.003699741
48,0.006074797,0.009737958,0.007490955,0.009553302
49,0.014482989,0.024572839,0.019128495,0.012959028
50,0.036226349,0.073903107,0.027830125,0.018971519
51,0.006908026,0.015544521,0.003950758,0.009823645
52,0.038720623,0.015072768,0.021148159,0.02870707
53,0.005795959,0.000512426,0.000671921,0.000150614
54,0.008055179,0.009391195,0.005485048,0.009006431
55,0.03229407,0.012088636,0.006678935,0.02108138
56,0.007260878,0.008048333,0.003048721,0.010801933
57,0.017190008,0.021498046,0.017767158,0.010799517
58,0.018631963,0.003340076,0.004990719,0.017090213
59,0.004162719,0.020241247,0.007522604,0.011161467
60,0.00415316,0.004237106,0.010474909,0.004430986
61,0.000460063,0.00679512,0.001183069,0.000565123
62,0.035384768,0.039733118,0.021206579,0.014259297
63,0.002114297,0.014878064,0.012658545,0.003061277
64,0.019521344,0.005572591,0.014042025,0.004735216
65,0.003831742,0.00218819,0.007890048,0.014138501
66,0.01517861,0.023788299,0.007494041,0.003661935
67,0.004609512,0.005092907,0.009195095,0.006289445
68,0.007658312,0.002424348,0.005637173,0.007878266
69,0.008109149,0.003980105,0.002774951,0.003245502
70,0.009126277,0.021235118,0.013429677,0.008972616
71,0.003420401,0.008430374,2.47E-05,0.001608225
72,0.010746975,0.014226435,0.001436702,0.00685502
73,0.004604385,0.005248327,0.003171926,0.010595975
74,0.012981105,0.036884844,0.012963537,0.003617478
75,0.010424262,0.001638095,0.002415782,0.010936105
76,0.015722781,0.004564516,0.010297825,0.011779131
77,0.001176361,0.004753403,0.003083614,0.008031241
78,0.000848713,0.007388903,0.009961905,0.01273542
79,0.002385871,0.009852296,0.008513922,0.006527793
80,0.009154567,0.005441868,0.005376941,0.007626726
81,0.001922708,0.002961024,0.002038356,0.008932966
82,0.033737316,0.040045945,0.015621923,0.019991906
83,0.023116559,0.037195757,0.011631928,0.012766748
84,0.005219453,0.001796408,0.003762556,0.007466102
85,0.015955389,0.018248892,0.006448757,0.006408137
86,0.02871933,0.036355942,0.03555178,0.044382961
87,0.001605326,0.001726464,0.001032662,0.004744469
88,0.000976467,0.013565528,0.016505718,0.007137985
89,0.004937804,0.003703085,0.002683106,0.002383425
90,0.002313452,0.003266738,0.008905256,0.002513015
91,0.00824701,0.000816178,0.000458151,0.00364818
92,0.028799768,0.01471476,0.011831695,0.02331915
93,0.001206377,0.003454235,0.000591578,0.002635482
94,0.009965084,0.00945549,0.000399184,0.017328585
95,0.008687429,0.00261552,0.004650357,0.00290027
96,0.019520876,0.017407365,0.003722523,0.008645089
97,0.01184646,0.006953953,0.003036752,0.003916809
98,0.007261456,0.004581916,0.001104084,0.00552386
99,0.010957757,0.005592651,0.003993252,0.006052707
100,0.008857793,0.013181123,0.000356255,0.001129106
101,0.020589324,0.005930442,0.01541329,0.019081502
102,0.008170464,0.002554462,0.007190208,0.004247874
103,0.027930978,0.02637531,0.018139076,0.024426613
104,0.006384853,0.006058955,0.016448065,0.009247094
105,0.068941094,0.04593831,0.043631414,0.058581746
106,0.001738838,0.013505854,0.008129423,0.009903669
107,0.048746751,0.001102616,0.0291753,0.032708865
108,0.007033542,0.003346883,0.003336759,0.019845995
109,0.021322667,0.010643679,0.007038931,0.021225986
110,0.007279377,0.011299555,0.010526685,0.002479545
111,0.004767686,0.027254393,0.017288404,0.012827383
112,0.004432632,0.006344623,0.006729955,0.000285077
113,0.002449617,0.000244948,0.001238042,0.012443572
114,0.016588914,0.005405638,0.004034675,0.00920903
115,0.013097323,0.009420985,0.008200762,0.00324724
116,0.019176875,0.013783488,0.003674762,0.010983784
117,0.004382087,0.002682765,0.002170601,0.001429593
118,0.01185192,0.005460805,0.008235832,0.009125486
119,0.003620057,0.006577982,0.005693787,0.011242619
120,0.003825468,0.001077006,0.005816385,0.004933255
121,0.003788036,0.002549544,0.003864156,0.004309272
122,0.005482942,0.008750064,0.001187048,0.010761104
123,0.018232666,0.003259809,0.000124712,0.004923412
124,0.050467638,0.067524225,0.03984877,0.049404816
125,0.003969334,0.000255585,0.008021082,0.007033325
126,0.010522304,0.004561188,0.006373773,0.006575648
127,0.045308799,0.033975424,0.01046911,0.015891485
128,0.001327644,0.003724399,0.006563887,0.000919903
129,0.013430577,0.003189795,0.008029547,0.014417943
130,0.002334657,0.015062271,0.010787239,0.011684026
131,0.032811673,0.019456269,0.021594141,0.028103136
132,0.00255805,0.003849541,0.003702111,0.008174077
133,0.048164997,0.040439353,0.031739337,0.047794563
134,0.026405979,0.030610861,0.037219244,0.021508416
135,0.003097119,0.003337044,0.005827449,0.006360982
136,0.028684099,0.003621684,0.007502977,0.020484402
137,0.023081319,0.018031085,0.009006572,0.01210645
138,0.011167887,0.005061948,0.005161748,0.002307079
139,0.007846168,0.016223023,0.002274716,0.001671913
140,0.007592546,0.000273737,0.001942133,0.004312316
141,0.008953003,0.004755522,0.000640279,0.007391048
142,0.027609871,0.004390697,0.004831859,0.003337912
143,0.019268388,0.030537475,0.004754309,0.005092211
144,0.00403161,0.000660008,0.004965617,0.002416483
145,0.023913247,0.014577768,0.01436922,0.010327272
146,0.001644717,0.009068594,0.008899936,0.007168489
147,0.01362354,0.028399638,0.007556134,0.005068274
148,0.004184335,0.039562431,0.00063818,0.01366413
149,0.006189439,0.002786395,6.74E-05,0.012993356
150,0.001429948,0.004133334,0.000503764,0.000529321
151,0.007501551,0.003849143,0.003323322,0.004599464
152,0.00864874,0.022971649,0.016052713,0.01056374
153,0.031280036,0.026701266,0.010726024,0.006200683
154,0.001217121,0.037499186,0.024598144,0.016364002
155,0.070672712,0.042156971,0.01709336,0.031967675
156,0.017472925,0.009277805,0.005244466,0.016776845
157,0.027612812,0.012649143,0.016394975,0.034698943
158,0.059996331,0.024438267,0.012856959,0.033445244
159,0.026165944,0.013044849,0.015896643,0.020669404
160,0.017297888,0.028264523,0.005612027,0.007389544
161,0.009515926,0.002336753,0.005989954,0.006877694
162,0.004173894,0.010866564,0.006827481,0.018920701
163,0.004183818,0.00713159,0.008337663,0.007629771
164,0.001787011,0.004822407,0.00319601,0.005008982
165,0.024931016,0.027053402,0.022711208,0.023451211
166,0.025181103,0.00208355,0.0016191,0.012147628
167,0.007166334,0.002700058,0.000357036,0.004709381
168,0.006790524,0.005805995,0.008763476,0.012079157
169,0.006738341,0.002668803,0.001761629,0.001600641
170,0.007306058,0.003040029,0.002061934,0.003238245
171,0.004238555,0.007256268,0.000338849,0.005853759
172,0.019189865,0.000644787,0.004157263,0.005132371
173,0.014701897,0.019870475,0.022945908,0.016204302
174,0.004611242,0.006684517,0.001736052,0.000699274
175,0.013999842,0.011945622,0.001469402,0.010050525
176,0.022334818,0.029581877,0.013014545,0.004325584
177,0.000949938,0.009292788,0.004316842,0.040787302
178,0.015528356,0.017700094,0.001421901,0.002585766
179,0.004361625,0.029819368,0.045355702,0.000171954
180,0.035706191,0.022261119,0.015290243,0.017286403
181,0.028503942,0.015663828,0.010661269,0.025465255
182,0.006984429,0.000942051,0.002084317,0.011378333
183,0.000123729,0.007710324,0.004880883,0.004171564
184,0.002572731,0.004058831,0.00766607,0.005565998
185,0.007123886,0.009357199,0.005915501,0.003432367
186,0.009255057,0.003297151,0.01017637,0.005254248
187,0.001119508,0.002052804,0.006873185,0.003657257
188,0.019222003,0.008388496,0.003834846,0.011533385
189,0.000371225,0.011727387,0.017762465,0.001053671
190,0.006780976,0.001739553,0.002611723,0.006268588
191,0.006298227,0.02847127,0.021459358,0.015906323
192,0.010968598,0.01209435,0.011780296,0.004034259
193,0.002461147,0.000245518,0.000983229,0.003003385
194,0.007009294,0.003088627,0.001398571,0.003309362
195,0.005981982,0.008354339,0.000520263,0.011188373
196,0.004275342,0.01307635,0.006434594,0.00723139
197,0.012269845,0.018635173,0.006598194,0.003499737
198,0.005005786,0.003091193,0.009692644,0.013274531
199,0.015974645,0.012372146,0.011217769,0.015059674
200,0.010837709,0.006319541,0.001917112,0.004363735
201,0.011091137,0.006407091,0.007819309,0.010735884
202,0.001208207,0.012100599,0.006358083,0.003747094
203,0.014973693,0.000975772,0.003659557,0.00297904
204,0.011782665,0.004882563,0.007580925,0.017428116
205,0.008713383,0.000526095,0.004937184,0.003616166
206,0.003027712,0.002807301,0.005548328,0.005508661
207,0.013028894,0.00557082,0.003957259,0.001529713
208,0.034773416,0.028652212,0.01329103,0.011467797
209,0.01275667,0.020309039,0.017784067,0.01387007
210,0.001228938,0.01100655,0.005536885,0.000149287
211,0.003409557,0.010501209,0.0057753,0.008435493
212,0.013104702,0.006874434,0.000605434,0.00534628
213,0.011379823,0.004944342,0.00787779,0.010371252
214,0.007851597,0.006624026,0.012242727,0.021762666
215,0.014546009,0.026543819,0.010070515,0.017808293
216,0.014217968,0.00800881,0.008720948,0.007334135
217,0.009417743,0.012941008,0.017027187,0.011164271
218,0.010859015,0.011623852,0.003786835,0.013544458
219,0.01910388,0.005295281,0.007529097,0.01176879
220,0.015859634,0.007923677,0.010237245,0.01157458
221,0.007638112,0.022128109,0.004030212,0.003538418
222,0.001141683,0.000361991,0.000308283,0.005718275
223,0.007597377,0.001767305,0.003371367,0.006586554
224,0.006612392,0.003609182,0.001514266,0.005879673
225,0.012188127,0.002597463,0.00276324,0.005536772
226,0.000862864,0.009386193,0.01643091,0.007151409
227,0.008174073,0.027467984,0.01281489,0.012847787
228,0.020233752,0.021856109,0.020575557,0.019375123
229,0.02574463,0.027811121,0.021514594,0.019472853
230,0.017985003,0.030353111,0.010947397,0.010604735
231,0.00560978,0.003606753,0.004426382,0.005163229
232,0.019694845,0.014947177,0.010642631,0.012262139
233,0.001803892,0.002803927,0.003460248,0.022519231
234,0.013286633,0.037255883,0.011635256,0.011700082
235,0.005051859,0.004808279,0.001633125,0.006919691
236,0.027764903,0.036643011,0.041210917,0.040020782
237,0.002721584,0.004480963,0.005231299,0.010141284
238,0.0054088,0.022840561,0.010583011,0.00471192
239,0.013557986,0.013586111,0.00235895,0.012544074
240,0.012656885,0.002787458,0.000242078,0.019748737
241,0.070828077,0.044343108,0.034133505,0.058705004
242,0.012176711,0.021007654,0.025939692,0.005272089
243,0.022176531,0.057487124,0.021455311,0.003795692
244,0.014139623,0.011244409,0.005435029,0.014197007
245,0.02164815,0.007997344,0.01113984,0.019001727
246,0.012273421,0.002592018,0.00631975,0.016080191
247,0.011548041,0.012299477,0.016226818,0.019000434
248,0.001037452,0.00506074,0.002498886,0.003746848
249,0.010312158,0.010656009,0.012931859,0.009476914
250,0.003601232,0.003835293,0.002744768,0.001316325
251,0.001028395,0.002709332,0.006926136,0.000698157
252,0.02034024,0.011241142,0.001549918,0.014466213
253,0.010711329,0.051836295,0.022402142,0.019787568
254,0.015177384,0.005420067,0.000525611,0.012093906
255,0.014773794,0.013440922,0.013401676,0.02530916
256,0.009519437,0.003377241,0.004260683,0.002323926
257,0.006113815,0.003372684,0.001606406,0.009312584
258,0.018006569,0.007917586,0.004112733,0.00378003
259,0.008980515,0.002515725,0.01316924,0.001429278
260,0.008271322,0.003473063,0.00997516,0.007765115
261,0.015830831,0.010118789,0.005228611,0.009276697
262,0.005452435,0.007352974,0.000103625,0.005367309
263,0.01898683,0.004102036,0.017834407,0.016471796
264,0.010703184,0.024508885,0.007084722,0.011834458
265,0.006497749,0.000997506,0.000839992,0.002790267
266,0.014510057,0.002579577,0.014188026,0.006754681
267,0.012814169,0.007976644,0.012671569,0.012858801
268,0.019712425,0.000699997,0.009270901,0.014289726
269,0.010743477,0.019749666,0.021497902,0.015711765
270,0.02024336,0.020834202,0.003294603,0.012484981
271,0.013163612,0.009814652,0.000221743,0.007018093
272,0.019475822,0.033740133,0.019427423,0.017311294
273,0.019253448,0.009528013,0.007786087,0.016252068
274,0.001044096,0.002201388,0.001547351,0.001396648
275,0.00583293,0.010032502,0.004969724,0.004123807
276,0.001896405,0.010757088,0.00781294,0.004346911
277,0.002358993,0.000440114,0.007923534,0.008447604
278,0.012928303,0.008997638,0.010558189,0.003891055
279,0.000369533,0.012942959,0.010190919,0.007924213
280,0.011760844,0.023951506,0.0101225,0.004098317
281,0.027546494,0.008185277,0.00842846,0.028526351
282,0.041954849,0.025750104,0.016978098,0.027403254
283,0.004129837,0.007448263,0.005574558,0.012768882
284,0.011525594,0.008341642,0.000680426,0.004555156
285,0.003608108,0.009061985,0.016061048,0.006583911
286,0.006755612,0.000875657,0.002502685,0.008819567
287,0.014182625,0.002357346,0.001842132,0.018433826
288,0.005044461,0.026038602,0.033070323,0.010795172
289,0.02243134,0.014854116,0.005351758,0.015869057
290,0.004339444,0.010926941,0.017138397,0.005277373
291,0.00739527,0.007174446,0.000497618,0.007243328
292,0.000633533,0.014811103,0.000963488,0.001156257
293,0.013081275,0.034213278,0.034201922,0.019045625
294,0.00276451,0.008657033,0.01291255,0.004313619
295,0.014477419,0.002737342,0.001391866,0.011446026
296,0.003342575,0.000791532,0.002138939,0.002775174
297,0.007535233,0.003187254,0.009692871,0.002859912
298,0.005144375,0.002094281,0.002423942,0.007330923
299,0.00554869,0.000337834,0.000559505,0.001458343
300,0.001556897,0.011486139,0.005260699,0.001616162
301,0.002388903,0.007916983,0.002643163,0.017078561
302,0.027280179,0.003642991,0.006602998,0.003795871
303,0.002902739,0.01235254,0.002772592,0.000978587
304,0.0039185,0.026554933,0.014359767,0.009018672
305,0.012347085,0.016503727,0.020397805,0.013513719
306,0.002946513,0.015959204,0.020089748,0.003907618
307,0.006554949,0.004290619,0.015123053,0.00859646
308,0.020004385,0.008260717,0.002631485,0.001207001
309,0.001810035,0.00809499,0.004393105,0.006381573
310,0.010466023,0.011608504,0.011887758,0.009445733
311,0.008851109,0.013673126,0.006486938,0.0044216
312,0.014403986,0.014521681,0.007510276,0.015254322
313,0.005358628,0.00542322,0.006320463,0.010654358
314,0.003933915,0.005260401,0.00468284,0.006289329
315,0.009260417,0.006672613,0.004069475,0.011587223
316,0.019033264,0.012487322,0.010133017,0.007820321
317,0.006200494,0.009672161,0.004000259,0.006943898
318,0.001542877,0.000671457,0.001459796,0.004172359
319,0.017907469,0.022338825,0.007041552,0.011830374
320,0.013369519,0.011855243,0.000540492,0.02246325
321,0.013300698,0.042639542,0.021520094,0.014229123
322,0.010192928,0.003743664,0.000663484,0.003762956
323,0.002463055,0.007718073,0.014327325,0.003200003
324,0.0151742,0.016282585,0.02453391,0.000906536
325,0.012554698,0.003845049,0.001775968,0.003579646
326,0.018288779,0.012530531,0.001232145,0.009368939
327,0.00079325,0.005437941,0.007390512,0.002273704
328,0.017902612,0.001478292,0.034090632,0.021108188
329,0.004423896,0.00316623,0.001139184,0.01661136
330,0.002105943,0.015837871,0.002651083,0.000403785
331,0.007505467,0.002258187,0.011276509,0.016643139
332,0.016516123,0.014774039,0.006418842,0.012570124
333,0.004948056,0.005860823,0.006402134,0.018035257
334,0.005229183,0.001391904,0.007296791,0.031871926
335,0.025646748,0.037009737,0.008317083,0.048666532
336,0.014870868,0.016699392,0.004506095,0.014030615
337,0.012880878,0.003478976,0.000891025,0.013043234
338,0.005170939,0.000875274,0.001051476,0.008467223
339,0.004158532,0.02410029,0.027337466,0.006409518
340,0.028796479,0.025106315,0.014083181,0.011612935
341,0.040225341,0.016722798,0.005038429,0.012085461
342,0.030129157,0.010573752,0.006386332,0.02608522
343,0.011832436,0.025085476,0.013834493,0.00999341
344,0.014856887,0.009359518,0.012501422,0.010422574
345,0.01172449,0.004933306,0.002542152,0.010319071
346,0.00590769,0.032994023,0.001328739,0.027408118
347,0.012817751,0.003909666,0.006023012,0.007889218
348,0.000716422,0.005170039,0.001894821,0.002450465
349,0.067129072,0.08850208,0.0655656,0.074291272
350,0.046484814,0.027568766,0.015428995,0.030331656
351,0.004906258,0.008647529,0.006546122,0.013284648
352,0.005520683,0.011173923,0.006490991,0.000685767
353,0.00908092,0.002920188,0.006203082,0.007770199
354,0.03693915,0.011294585,0.001096213,0.041399026
355,0.004048459,0.001177405,0.004136548,0.010078822
356,0.012881664,0.010003646,0.003859423,0.004408611
357,0.005276063,0.005972808,0.004794403,0.007180938
358,0.006829654,9.73E-05,0.003029368,0.012184891
359,0.028915136,0.011478798,0.017715352,0.023208742
360,0.007323114,0.001440404,0.005327605,0.000550267
361,0.006589217,0.001925009,0.011198461,0.010143518
362,0.009663517,0.008573423,0.007096408,0.003652059
363,0.009080046,0.003635266,0.007981525,0.012760149
364,0.000890836,0.030620673,0.017915032,0.007160032
365,0.008566101,0.01586059,0.000382892,0.002561407
366,1.21E-05,0.001837007,0.002679074,0.000374778
367,0.013643103,0.000293212,0.00016011,0.00778765
368,0.004409733,0.016378728,0.006716296,0.000788177
369,0.008638929,0.003104628,1.44E-05,0.003870542
370,0.032408534,0.012532996,0.00531766,0.013942052
371,0.003306763,0.003823181,0.001325287,0.004175796
372,0.017959578,0.007270544,0.00534108,0.013303865
373,0.051252673,0.029276173,0.011241478,0.022370502
374,0.013596612,0.026046718,0.017500522,0.002470468
375,0.004616201,0.036740508,0.012931898,0.004512167
376,0.01926056,0.011150029,0.00439914,0.010930006
377,0.009504427,0.001911437,0.009177633,0.009659107
378,0.017551514,0.018147712,0.01602575,0.008663991
379,0.014956933,0.003313851,0.008454307,0.005998587
380,0.029486582,0.032527902,0.024938253,0.025337856
381,0.014494239,0.005780363,0.004695131,0.00125836
382,0.008371422,0.003568374,0.00027785,0.001323337
383,0.004443041,0.006869879,0.00370001,0.005393628
384,0.003191973,0.013013064,0.006979845,0.014534981
385,0.02835457,0.041044766,0.032275225,0.023552147
386,0.019174445,0.001994443,0.007457184,0.00958282
387,0.002670777,0.000534045,8.27E-05,0.002641275
388,0.022211077,0.003581491,0.009689144,0.008882602
389,0.00708048,0.001591602,0.002572296,0.0100431
390,0.004810011,0.001053215,0.001290203,0.000294777
391,0.001059835,0.003184917,0.003837823,0.00031909
392,0.003515341,0.007064671,0.002607072,0.001854571
393,0.048738289,0.042686737,0.032824483,0.013439609
394,0.000738416,0.008675396,0.005713522,0.017391743
395,0.023731158,0.003502553,0.002840658,0.015833743
396,0.002396807,0.004464768,0.006925826,0.014615773
397,0.052878415,0.028059339,0.026163105,0.04698373
398,0.028073834,0.014757554,0.01180146,0.018968166
399,0.01734348,0.013680818,0.001259374,0.011694639
400,0.005560568,0.003143709,0.007286449,0.005906683
401,0.016852965,0.022484849,0.024324708,0.021043533
402,0.02366549,0.013588082,0.004241656,0.024105696
403,0.002828285,0.010336009,0.039150844,0.002156424
404,0.001570804,0.004003864,0.003848487,0.001533968
405,0.022845006,0.005245216,0.006169119,0.008055458
406,0.024784117,0.030342848,0.023243414,0.021909067
407,0.006377206,0.006931177,0.019939862,0.004284204
408,0.007102133,0.009101766,0.002272439,0.008749743
409,0.040756978,0.014501014,0.016574811,0.017284381
410,0.00247381,0.010527231,0.006989848,0.011594201
411,0.000492732,0.003674223,0.002059724,0.010700571
412,0.018180211,0.009465337,0.003115078,0.011642525
413,0.002731808,0.009564721,0.005092665,0.001568828
414,0.098709163,0.029365249,0.012244614,0.031195012
415,0.014942926,0.012833839,0.009329359,0.006933457
416,0.000271958,0.00126385,0.001386793,0.001504248
417,0.025413508,0.045819805,0.072015915,0.018159326
418,0.021462244,0.0102565,0.023599811,0.026443849
419,0.010156632,0.000904137,0.006642319,0.008097185
420,0.004394954,0.002806518,0.007472421,0.006475927
421,0.017833062,0.032800716,0.037735049,0.028736686
422,0.013525016,0.012626117,0.001860813,0.009405302
423,0.01265963,0.00826125,0.005611444,0.00045426
424,0.018412899,0.004796172,0.003283168,0.015778953
425,0.01417023,0.003462788,0.005705304,0.005745513
426,0.020703491,0.005383408,0.005176299,0.016158126
427,0.012609615,0.00955915,0.018333592,0.013821512
428,0.018774087,0.014658192,0.005171531,0.01018933
429,0.006387294,0.003087651,0.003764707,0.004488824
430,0.00346867,0.005544984,0.003562972,0.00425348
431,0.034180931,0.03123589,0.024912218,0.026602769
432,0.010192823,0.032990896,0.006167419,0.007920989
433,0.002641422,0.006181692,0.007205366,0.001554736
434,0.009932159,0.032098436,0.010936946,0.023884784
435,0.007393501,0.001890708,0.000890839,0.017128025
436,0.008919553,0.014761639,0.010374903,0.016584611
437,0.001591967,0.005778882,0.000847966,0.005126416
438,0.002984526,0.024799737,0.015663236,0.004350395
439,0.0122572,0.007844269,0.006042792,0.010698026
440,0.010843895,0.00827425,0.007841471,0.006437583
441,0.003811822,0.00320489,0.003750254,0.00087035
442,0.005080133,0.022154867,0.005096143,0.001746867
443,0.036010872,0.023085609,0.023782784,0.02644783
444,0.01285005,0.003458029,0.003171748,0.003329373
445,0.003136218,0.002923946,0.007084072,0.000102498
446,0.015528095,0.028754585,0.025782363,0.001106997
447,0.027083743,0.023207368,0.018516426,0.012274514
448,0.008739124,0.011202782,0.020712796,0.01090249
449,0.008518188,0.015800918,0.00693579,0.006701505
450,0.002124364,0.003876199,0.009350617,0.004380644
451,0.000294638,0.013390962,0.006868728,0.007523039
452,0.021450349,0.012810778,0.003326482,0.014577558
453,0.02313195,0.012806608,0.010523373,0.021733985
454,0.01724361,0.009374892,0.004122567,0.008909958
455,0.015026703,0.00980849,0.01832502,0.011335597
456,0.023393104,0.051245672,0.066162773,0.017841628
457,0.011661149,0.010983948,0.011793717,0.002739878
458,0.020394249,0.019834912,0.005878768,0.023955881
459,0.012554058,0.009595075,0.010648576,0.006769096
460,0.010572403,0.007032195,0.006862791,0.013141513
461,0.005464076,0.012677216,0.008257192,0.004157244
462,0.008292367,0.007761129,0.00804775,0.018370053
463,0.013206066,0.005162042,0.001137049,0.009066767
464,0.020439535,0.02505341,0.009619653,0.004283453
465,0.000958097,0.017584511,0.003130289,0.007521336
466,0.00180415,0.000668226,0.000813143,0.013959727
467,0.017363444,0.003486547,0.007252036,0.013757365
468,0.005729581,0.020610463,0.005622708,0.011170232
469,0.010534681,0.016120457,0.001354084,0.009303754
470,0.01347662,0.006446437,0.002090615,0.002215037
471,0.018135398,0.016725271,0.006036306,0.017420758
472,0.00523233,0.002792126,0.004798597,0.007146605
473,0.002240847,0.001488351,0.001298783,0.007819834
474,0.005842416,0.006656439,0.004991791,0.006833366
475,0.004510896,0.016949141,0.014251201,0.001553481
476,0.006882593,0.004564676,0.004749094,0.002863557
477,0.027823812,0.019041851,0.028031721,0.027898717
478,0.004729113,0.002196998,0.007898799,0.01184541
479,0.038066082,0.022183103,0.00919259,0.018983253
480,0.006754957,0.014694142,0.01266157,0.022343663
481,0.003809904,0.011993402,0.011640806,0.009886209
482,0.007977472,0.009044379,0.001189894,0.001524285
483,0.003089442,0.005742273,0.000357852,0.003168257
484,0.001462791,0.003835831,0.000123315,0.018686675
485,0.017889565,0.007284276,0.006064191,0.000878349
486,0.010520482,0.042323095,0.045460559,0.012438486
487,0.008961236,0.006002548,0.005269933,0.009965967
488,0.002253868,0.008014615,0.003002145,0.004589269
489,0.007547347,0.007916023,0.013425636,0.00849482
490,0.012100457,0.012788742,0.012007675,0.021463481
491,0.036472968,0.016867265,0.010388884,0.022989482
492,0.038309489,0.02890932,0.018660621,0.013517767
493,0.059147566,0.037933938,0.026406257,0.035526336
494,0.001469093,0.003566422,0.001011573,0.010995163
495,0.012102429,0.029937236,0.015161278,0.004720388
496,0.043117986,0.020839409,0.013007472,0.01605208
497,0.009438787,0.001615433,0.000869001,0.00515217
498,0.003076065,0.000329652,0.002311547,0.008874604
499,0.022716457,0.006628739,0.014583071,0.005815354
500,0.007216976,0.006818608,0.001271816,0.004096636
501,0.000543134,0.00297767,0.005279557,0.001572327
502,0.006777169,0.014756463,0.006336895,0.003559874
503,0.034574915,0.013704828,0.018154937,0.018731509
504,0.004739734,0.003599894,0.003425396,0.010576321
505,0.000196599,0.010278695,0.006852707,0.009287147
506,0.000103425,0.003232023,0.010684858,0.001253656
507,0.017077261,0.002132029,0.000962735,0.005063016
508,0.014195833,0.006803325,0.005800084,0.002594606
509,0.008532191,0.014747472,0.00890138,0.013251941
510,0.010216216,0.012555336,0.002708078,0.007531925
511,0.007414106,0.004825406,0.004523822,0.011407206
512,0.00726568,0.002579514,0.005076213,0.00402137
513,0.025401366,0.003882938,0.00546495,0.009353302
514,0.003140923,0.000866668,0.005423216,0.00868557
515,8.08E-05,0.012571252,0.009425977,0.012002202
516,0.001182497,0.024890722,0.016388262,0.012547301
517,0.029407639,0.003015976,0.005233528,0.025451318
518,0.003988529,0.017777396,0.007723141,0.00674974
519,0.015661918,0.008889491,0.003419492,0.015668882
520,0.012218891,0.016918773,0.005327666,0.001217726
521,0.010723842,0.0027133,0.000518454,0.006907346
522,0.010342041,0.012446537,0.002132324,0.006324341
523,0.014406476,0.011290745,0.005562441,0.011364085
524,0.012247266,0.016850387,0.000523331,0.010171866
525,0.002089865,0.010820665,0.003963777,0.004939021
526,0.005426691,0.004353548,0.002714439,0.001820784
527,0.003339386,0.017496377,0.004500158,0.001527236
528,0.018870125,0.017650137,0.01051252,0.024085022
529,0.033893039,0.039248994,0.030011657,0.031539081
530,0.005636731,0.000919285,0.003295483,0.004156519
531,0.007488442,0.011419384,0.003252002,0.004277026
532,0.034199324,0.013154507,0.010597093,0.018499999
533,0.018397215,0.019276073,0.006181737,0.013843422
534,0.004437518,0.006290326,0.004250266,0.008521968
535,0.009698245,0.010668123,0.014788182,0.006928248
536,0.0085418,0.030737166,0.005590471,0.001853759
537,0.010035811,0.013725311,0.003674484,0.004559458
538,0.010123681,0.011526127,0.012067244,0.007180924
539,0.005573785,0.027093291,0.017884673,0.003572592
540,0.02765731,0.005408538,0.00345019,0.015568534
541,0.012806336,0.010620984,0.0046906,0.000283046
542,0.016599528,0.00393253,0.006592485,0.000132882
543,0.008857454,0.015666117,0.012363645,0.017674144
544,0.030645878,0.034107812,0.045109235,0.026080793
545,0.010383553,0.006968669,0.001219197,0.007980398
546,0.029338334,0.013797692,0.010399772,0.00400941
547,0.022349865,0.041690542,0.021463013,0.012771903
548,0.000743289,0.004915605,0.002922394,0.001851025
549,0.003356502,0.008149741,0.001570407,0.002391541
550,0.01333327,0.017131264,0.004958235,0.012359603
551,0.004853916,0.02676756,0.039379812,0.005650965
552,0.021383993,0.030884956,0.02835257,0.024885543
553,0.000424873,0.001913321,0.000384376,0.000487997
554,0.002452334,0.013192983,0.008895543,0.008478476
555,0.011194623,0.003505407,0.020368944,0.01009941
556,0.001835121,0.021240131,0.006316698,0.000652028
557,0.011412887,0.005309521,2.97E-05,0.009505496
558,0.01755778,0.005940958,0.028611683,0.021128405
559,0.000905842,0.025572729,0.01848444,0.012138769
560,0.030011696,0.053056002,0.054675605,0.015345473
561,0.022958711,0.033963,0.003159491,0.021979601
562,0.014417791,0.001009081,0.007866427,0.020293966
563,0.012151605,0.001054075,0.019444214,0.005562869
564,0.000969149,0.004956074,0.010187733,0.006657888
565,0.026809356,0.024867059,0.011091928,0.017255007
566,0.014043245,0.011629067,0.003220838,0.012262221
567,0.008149493,0.008103459,0.006454892,0.010879666
568,0.011648296,0.022684852,0.016883059,0.000433776
569,0.02641867,0.033347572,0.008853432,0.008889444
570,0.007798452,0.020120979,0.021588378,0.006838193
571,0.013147368,0.009638022,0.007681526,0.004917229
572,0.025166368,0.013476974,0.003462793,0.012838683
573,0.015852633,0.019612753,0.015124508,0.009974622
574,0.016551435,0.010597336,0.010306229,0.004201357
575,0.026060673,0.016146033,0.011832619,0.013185462
576,0.012690815,0.03839283,0.014383761,0.020407806
577,0.024154054,0.018607493,0.018657489,0.031971581
578,0.00477771,0.002321297,0.003775407,0.003169185
579,0.009987137,0.007774578,0.007903656,0.006441792
580,0.018798257,0.007547206,0.006329814,0.004004098
581,0.004937208,0.019605897,0.003225547,0.006094116
582,0.005046485,0.000901065,0.000959408,0.007642097
583,0.000757432,0.005068435,0.006769072,0.036807699
584,0.004524186,5.73E-05,0.008571589,0.007338134
585,0.006514681,0.002368734,0.006968568,0.014273633
586,0.014251239,0.009687729,0.014062982,0.014806506
587,0.007081588,0.016861852,0.014424457,0.025574122
588,0.039566514,0.026175299,0.031022916,0.030468754
589,0.016956499,0.014882966,0.001842989,0.009002952
590,0.001063794,0.02519361,0.006443005,0.002068983
591,0.024694297,0.02670006,0.005360765,0.01324143
592,0.007559469,0.018418081,0.008401162,0.006951605
593,0.004758666,0.003605485,0.002819124,0.002539824
594,0.007302844,0.011191806,0.003742408,0.007667448
595,0.00263347,0.008888535,0.001629995,0.002248044
596,0.017940919,0.004805391,0.015341189,0.010666768
597,0.021560805,0.003431547,0.007180614,0.005391664
598,0.011809238,0.009642799,0.006729351,0.013334508
599,0.016185285,0.021542964,0.021586971,0.002508404
600,0.024255704,0.00925676,0.014251431,0.01673713
601,0.007846969,0.000716939,0.003110903,0.007224925
602,0.028236977,0.009424689,0.017762453,0.027473197
603,0.012509073,0.012178651,0.001705162,0.035611713
604,0.008909975,0.008291086,0.001040718,0.003020333
605,0.009621865,0.009209469,0.008945089,0.013835522
606,0.011595793,0.023337232,0.018426651,0.001887399
607,0.013270624,0.001365846,0.004901729,0.015273622
608,0.001686327,0.003209697,0.015002432,0.000381528
609,0.02260483,0.020924029,0.001633995,0.005042739
610,0.003061185,0.003807081,0.011759295,0.005284717
611,0.009463482,0.020867069,0.002403033,0.00925732
612,0.007885346,0.01154176,0.009296665,0.005415751
613,0.01018472,0.006515473,0.001735053,0.006483559
614,0.012896029,0.014605286,0.007918342,0.008773573
615,0.008543048,0.000832727,0.005988525,0.009684925
616,0.015305807,0.034688738,0.00641042,0.005514051
617,0.005819325,0.010405876,0.002564119,0.00066521
618,0.010460105,0.011842102,0.003328472,0.01862234
619,0.000917586,0.006840149,0.006358058,0.0003552
620,0.009027974,0.027024742,0.011017741,0.006036816
621,0.006613718,0.017106912,0.013860703,0.01221451
622,0.013466352,0.027136793,0.020893995,0.008482879
623,0.016809292,0.026110259,0.021211748,0.013740312
624,0.034631258,0.015060444,0.016088957,0.030862315
625,0.010045404,0.054946771,0.011257155,0.014412397
626,0.000942898,0.001077219,0.002619657,0.001093588
627,0.012356997,0.02064872,0.036008945,0.008849543
628,0.031729866,0.020041968,0.008422216,0.031953118
629,0.004787971,0.000381726,0.006071554,0.003876425
630,0.019302705,0.037092395,0.020723125,0.01648069
631,0.000633513,0.016146539,0.010910421,0.004218947
632,0.009231028,0.010483173,0.010586321,0.008092771
633,0.033316653,0.023080298,0.024733838,0.03027174
634,0.021032323,0.004399024,0.00479811,0.01173515
635,0.008963088,0.010775945,0.010810916,0.007235378
636,0.00715683,0.001475558,0.002141574,0.006161317
637,0.006653637,0.00247476,0.000286309,0.006987262
638,0.014668051,0.011997984,0.002936122,0.008317377
639,0.048043347,0.03018555,0.011365035,0.02729026
640,0.019162993,0.003039516,0.011390981,0.000145117
641,0.007751977,0.006197044,0.001816847,0.001011321
642,0.008547659,0.008708299,0.004002023,0.005157718
643,0.021376725,0.051359538,0.002001331,0.014876967
644,0.006896675,0.00077558,0.000657156,0.0034906
645,0.002045987,0.007675956,0.001603321,0.002378987
646,0.036275454,0.022117011,0.0051414,0.020550848
647,0.051214409,0.006218,0.013781394,0.040484586
648,0.013921108,0.023284556,0.018015779,0.014993538
649,0.021481345,0.031075014,0.02877343,0.016911118
650,0.014539828,0.008850957,0.005238731,0.009346847
651,0.014899831,0.002228678,0.002879445,0.00821477
652,0.008426125,0.031839797,0.015792916,0.008596638
653,0.053198405,0.018553408,0.021595575,0.034906243
654,0.017411162,0.002616654,0.023616772,0.013270006
655,0.026622673,0.01684699,0.013471062,0.019465248
656,0.023575237,0.020200495,0.014458973,0.010305685
657,0.00251309,0.001360888,0.000280511,0.005127395
658,0.009648359,0.01487613,0.005738761,0.008051703
659,0.033705552,0.019943199,0.013371,0.00353179
660,0.039236776,0.021535514,0.011780507,0.008271849
661,0.008659029,0.005686449,0.002825225,0.011226405
662,0.033565419,0.004848724,0.004273563,0.012187859
663,0.033241327,0.023554721,0.012747221,0.026575113
664,0.003940426,0.003787029,0.002310918,0.002297316
665,0.015585673,0.023524174,0.021220736,0.018811123
666,0.017825244,0.003096617,0.006019437,0.011593911
667,0.005126023,0.002993691,0.006025635,0.002251953
668,0.024354446,0.008347966,0.00253379,0.027220408
669,0.002467165,0.001215305,0.010192015,0.006892266
670,0.020375941,0.041921748,0.022523764,0.016606433
671,0.001214652,0.015528002,0.001579831,0.001161561
672,0.00340726,0.023639169,0.018559417,0.00990234
673,0.015053485,0.005153322,0.002341042,0.003966558
674,0.012560667,0.049309849,0.021167109,0.001446673
675,0.004485995,0.003209135,0.004220095,0.00616016
676,0.009263117,0.005800892,0.0021304,0.00346449
677,0.011458554,0.005646791,0.008566434,0.007449182
678,0.028718361,0.021416114,0.019358226,0.017190279
679,0.010024846,0.004621402,0.0054959,0.005862398
680,0.021883161,0.019724838,0.003052024,0.019529811
681,0.002205073,0.011123585,0.006640236,0.014355112
682,0.01452116,0.023468846,0.034950419,0.013211924
683,0.003489931,0.004446358,0.001136768,0.003792436
684,0.020478765,0.021057925,0.007774277,0.009705403
685,0.009891671,0.000651945,0.00652246,0.000674358
686,0.006779062,0.000985397,0.002410475,0.003153273
687,0.017275316,0.013385552,0.002510873,0.014614251
688,0.005086768,0.01144127,0.008972122,0.00944646
689,0.017481022,0.017812603,0.013862439,0.012494585
690,0.003534038,0.004983268,0.012300674,0.002784933
691,0.019247529,0.032783028,0.01682801,0.008847619
692,0.001931634,0.007413563,0.002258475,0.000701422
693,0.009803197,0.014812295,0.006071335,0.004023254
694,0.004661731,0.005756492,0.005154695,0.001649918
695,0.004577131,0.001545649,0.004103867,0.003479901
696,0.005110433,0.002000001,0.007247232,0.009633839
697,0.007863154,0.006918669,0.007379155,0.001500697
698,0.005620653,0.012068723,0.003550509,0.012889714
699,0.000988238,0.001253998,0.002681584,0.005163427
700,0.025746586,0.028333188,0.010285774,0.01585061
701,0.021464611,0.022995375,0.014265426,0.015464799
702,0.009205719,0.005700876,0.003956143,0.007801734
703,0.007191801,0.010135604,0.001545767,0.006629501
704,0.008577377,0.012673575,0.023384763,0.011545282
705,0.008029792,0.002908132,0.004889567,0.00812813
706,0.009792226,0.003325577,0.003043232,0.039032052
707,0.013254425,0.026825285,0.020346858,0.012412865
708,0.017135341,0.011527171,0.01076325,0.024454328
709,0.031563299,0.013285797,0.00645541,0.023721874
710,0.006044485,0.011316239,0.002212229,0.005357572
711,0.002233687,0.006373746,0.004054088,0.003672215
712,0.006390479,0.009287289,0.002914445,0.001764673
713,0.005023234,0.006380532,0.007333931,0.019597526
714,0.011799943,0.003613818,0.005910201,0.011599358
715,0.016369851,0.020870248,0.00798694,0.017507722
716,0.012529607,0.017800243,0.009650303,0.010494065
717,0.024302878,0.023595538,0.016260838,0.014388174
718,0.003860706,0.014301951,0.003238115,0.002693714
719,0.016638892,0.011854527,0.003998704,0.005624917
720,0.00332779,0.001668626,0.001458255,0.000847229
721,0.015330514,0.026939247,0.008493822,0.008672779
722,0.027222039,0.007565679,0.007059881,0.005710989
723,0.025630777,0.010604997,0.012794855,0.003255564
724,0.000826546,0.014108592,0.008730473,0.003109166
725,0.004740287,0.003213214,0.004548668,0.014182018
726,0.025130823,0.02173548,0.01556663,0.016304571
727,0.045615402,0.048874155,0.058749556,0.045673196
728,0.040591344,0.011393606,0.004493895,0.016158295
729,0.016402451,0.005653535,0.003300409,0.012178616
730,0.002974914,0.006160459,0.006214453,0.004610051
731,0.029558802,0.023421718,0.024323272,0.041337008
732,0.001961561,0.005456432,0.012229251,0.00270479
733,0.017159979,0.006143993,0.001405636,0.020142318
734,0.008422339,0.013539215,0.014457984,0.00765707
735,0.03459923,0.0520857,0.034603963,0.034868918
736,0.003665214,0.00481382,0.002463601,0.006130403
737,0.03666489,0.021798083,0.012637165,0.031027212
738,0.012980711,0.002943343,0.002270504,0.004701466
739,0.002628016,0.006837989,0.001497191,0.005970762
740,0.005591292,0.017215615,0.001691955,0.00420766
741,0.001937985,0.008832865,0.003926596,0.005105833
742,0.005002869,0.018942588,0.003057245,0.001987554
743,0.007682994,0.001957586,0.007002242,0.006466759
744,0.003395589,0.001279591,0.007620738,0.001680068
745,0.004591199,0.006674922,0.007599956,0.009559865
